lx,ly,lz,alpha,beta,gamma,freeE,MaxComp,phase,ksi,tau,cal_type,bridge
1.0,1.751041,1.751041,0.0,0.0,0.0,11.74489901,5.757107478e-10,C4,0.46,0.13,cpu,0
1.0,1.751041,1.851041,0.0,0.0,0.0,11.7257179,1.47319879e-09,C4,0.46,0.13,cpu,0
1.0,1.751041,1.951041,0.0,0.0,0.0,11.71029985,1.749671532e-09,C4,0.46,0.13,cpu,0
1.0,1.751041,2.051041,0.0,0.0,0.0,11.6987506,1.406609239e-09,C4,0.46,0.13,cpu,0
1.0,1.751041,2.151041,0.0,0.0,0.0,11.69121492,7.583907052e-10,C4,0.46,0.13,cpu,0
1.0,1.751041,2.251041,0.0,0.0,0.0,11.68778414,1.540068742e-09,C4,0.46,0.13,cpu,0
1.0,1.751041,2.351041,0.0,0.0,0.0,11.68843577,1.375709582e-09,C4,0.46,0.13,cpu,0
1.0,1.851041,1.751041,0.0,0.0,0.0,11.7257179,8.559347132e-10,C4,0.46,0.13,cpu,0
1.0,1.851041,1.851041,0.0,0.0,0.0,11.71079469,1.031868184e-09,C4,0.46,0.13,cpu,0
1.0,1.851041,1.951041,0.0,0.0,0.0,11.69938234,8.917466647e-10,C4,0.46,0.13,cpu,0
1.0,1.851041,2.051041,0.0,0.0,0.0,11.69149552,1.363840177e-09,C4,0.46,0.13,cpu,0
1.0,1.851041,2.151041,0.0,0.0,0.0,11.68722463,1.034073565e-09,C4,0.46,0.13,cpu,0
1.0,1.851041,2.251041,0.0,0.0,0.0,11.68663277,8.851271779e-10,C4,0.46,0.13,cpu,0
1.0,1.851041,2.351041,0.0,0.0,0.0,11.68968512,1.868612804e-09,C4,0.46,0.13,cpu,0
1.0,1.951041,1.751041,0.0,0.0,0.0,11.71029985,2.048181992e-09,C4,0.46,0.13,cpu,0
1.0,1.951041,1.851041,0.0,0.0,0.0,11.69938234,7.580629079e-10,C4,0.46,0.13,cpu,0
1.0,1.951041,1.951041,0.0,0.0,0.0,11.69171449,1.174911334e-09,C4,0.46,0.13,cpu,0
1.0,1.951041,2.051041,0.0,0.0,0.0,11.68722598,1.972730186e-09,C4,0.46,0.13,cpu,0
1.0,1.951041,2.151041,0.0,0.0,0.0,11.68595578,1.237753099e-09,C4,0.46,0.13,cpu,0
1.0,1.951041,2.251041,0.0,0.0,0.0,11.68794,1.335990998e-09,C4,0.46,0.13,cpu,0
1.0,1.951041,2.351041,0.0,0.0,0.0,11.69313196,1.631914655e-09,C4,0.46,0.13,cpu,0
1.0,2.051041,1.751041,0.0,0.0,0.0,11.6987506,1.207453905e-09,C4,0.46,0.13,cpu,0
1.0,2.051041,1.851041,0.0,0.0,0.0,11.69149552,1.232973105e-09,C4,0.46,0.13,cpu,0
1.0,2.051041,1.951041,0.0,0.0,0.0,11.68722598,1.427934278e-09,C4,0.46,0.13,cpu,0
1.0,2.051041,2.051041,0.0,0.0,0.0,11.68579359,1.889282794e-09,C4,0.46,0.13,cpu,0
1.0,2.051041,2.151041,0.0,0.0,0.0,11.68719,1.479773972e-09,C4,0.46,0.13,cpu,0
1.0,2.051041,2.251041,0.0,0.0,0.0,11.69142699,1.097274342e-09,C4,0.46,0.13,cpu,0
1.0,2.051041,2.351041,0.0,0.0,0.0,11.6984479,7.117528204e-10,C4,0.46,0.13,cpu,0
1.0,2.151041,1.751041,0.0,0.0,0.0,11.69121492,1.709889545e-09,C4,0.46,0.13,cpu,0
1.0,2.151041,1.851041,0.0,0.0,0.0,11.68722463,9.168644718e-10,C4,0.46,0.13,cpu,0
1.0,2.151041,1.951041,0.0,0.0,0.0,11.68595578,8.953241384e-10,C4,0.46,0.13,cpu,0
1.0,2.151041,2.051041,0.0,0.0,0.0,11.68719,9.94320158e-10,C4,0.46,0.13,cpu,0
1.0,2.151041,2.151041,0.0,0.0,0.0,11.69087746,9.364950006e-10,C4,0.46,0.13,cpu,0
1.0,2.151041,2.251041,0.0,0.0,0.0,11.69700995,5.194192253e-10,C4,0.46,0.13,cpu,0
1.0,2.151041,2.351041,0.0,0.0,0.0,11.7055244,5.001156566e-10,C4,0.46,0.13,cpu,0
1.0,2.251041,1.751041,0.0,0.0,0.0,11.68778414,1.389863875e-09,C4,0.46,0.13,cpu,0
1.0,2.251041,1.851041,0.0,0.0,0.0,11.68663277,8.590096912e-10,C4,0.46,0.13,cpu,0
1.0,2.251041,1.951041,0.0,0.0,0.0,11.68794,1.845441421e-09,C4,0.46,0.13,cpu,0
1.0,2.251041,2.051041,0.0,0.0,0.0,11.69142699,1.305226898e-09,C4,0.46,0.13,cpu,0
1.0,2.251041,2.151041,0.0,0.0,0.0,11.69700995,5.245137918e-10,C4,0.46,0.13,cpu,0
1.0,2.251041,2.251041,0.0,0.0,0.0,11.7046669,4.340933758e-10,C4,0.46,0.13,cpu,0
1.0,2.251041,2.351041,0.0,0.0,0.0,11.71433348,6.768898352e-10,C4,0.46,0.13,cpu,0
1.0,2.351041,1.751041,0.0,0.0,0.0,11.68843577,8.317294632e-10,C4,0.46,0.13,cpu,0
1.0,2.351041,1.851041,0.0,0.0,0.0,11.68968512,1.538439404e-09,C4,0.46,0.13,cpu,0
1.0,2.351041,1.951041,0.0,0.0,0.0,11.69313196,5.631175917e-10,C4,0.46,0.13,cpu,0
1.0,2.351041,2.051041,0.0,0.0,0.0,11.6984479,8.724752782e-10,C4,0.46,0.13,cpu,0
1.0,2.351041,2.151041,0.0,0.0,0.0,11.7055244,6.324517621e-10,C4,0.46,0.13,cpu,0
1.0,2.351041,2.251041,0.0,0.0,0.0,11.71433348,9.280465454e-10,C4,0.46,0.13,cpu,0
1.0,2.351041,2.351041,0.0,0.0,0.0,11.7248159,5.254529765e-10,C4,0.46,0.13,cpu,0
1.0,1.451041,1.451041,0.0,0.0,0.0,11.94353289,3.173600335e-09,C4,0.46,0.13,cpu,0
1.0,1.551041,1.451041,0.0,0.0,0.0,11.90152021,8.325177952e-10,C4,0.46,0.13,cpu,0
1.0,1.651041,1.451041,0.0,0.0,0.0,11.86242247,1.221528257e-09,C4,0.46,0.13,cpu,0
1.0,1.751041,1.451041,0.0,0.0,0.0,11.82672069,8.83539706e-10,C4,0.46,0.13,cpu,0
1.0,1.851041,1.451041,0.0,0.0,0.0,11.79486115,1.132963932e-09,C4,0.46,0.13,cpu,0
1.0,1.951041,1.451041,0.0,0.0,0.0,11.7673057,1.1569452e-09,C4,0.46,0.13,cpu,0
1.0,2.051041,1.451041,0.0,0.0,0.0,11.74448403,1.317689436e-09,C4,0.46,0.13,cpu,0
1.0,2.151041,1.451041,0.0,0.0,0.0,11.72672876,7.742639977e-10,C4,0.46,0.13,cpu,0
1.0,2.251041,1.451041,0.0,0.0,0.0,11.71422722,7.496191306e-10,C4,0.46,0.13,cpu,0
1.0,2.351041,1.451041,0.0,0.0,0.0,11.70699817,9.684659594e-10,C4,0.46,0.13,cpu,0
1.0,2.451041,1.451041,0.0,0.0,0.0,11.70488936,9.272922233e-10,C4,0.46,0.13,cpu,0
1.0,2.551041,1.451041,0.0,0.0,0.0,11.70758832,1.301768531e-09,C4,0.46,0.13,cpu,0
1.0,2.651041,1.451041,0.0,0.0,0.0,11.71463971,6.015063719e-10,C4,0.46,0.13,cpu,0
1.0,1.451041,1.551041,0.0,0.0,0.0,11.90152021,8.898087458e-10,C4,0.46,0.13,cpu,0
1.0,1.551041,1.551041,0.0,0.0,0.0,11.86228494,1.163844805e-09,C4,0.46,0.13,cpu,0
1.0,1.651041,1.551041,0.0,0.0,0.0,11.82675178,7.833318901e-10,C4,0.46,0.13,cpu,0
1.0,1.751041,1.551041,0.0,0.0,0.0,11.79497609,5.934870065e-10,C4,0.46,0.13,cpu,0
1.0,1.851041,1.551041,0.0,0.0,0.0,11.76711613,9.443641901e-10,C4,0.46,0.13,cpu,0
1.0,1.951041,1.551041,0.0,0.0,0.0,11.743442,8.482927925e-10,C4,0.46,0.13,cpu,0
1.0,2.051041,1.551041,0.0,0.0,0.0,11.72426282,1.640896916e-09,C4,0.46,0.13,cpu,0
1.0,2.151041,1.551041,0.0,0.0,0.0,11.70984148,8.416064139e-10,C4,0.46,0.13,cpu,0
1.0,2.251041,1.551041,0.0,0.0,0.0,11.70032912,1.005332328e-09,C4,0.46,0.13,cpu,0
1.0,2.351041,1.551041,0.0,0.0,0.0,11.69572829,7.341292772e-10,C4,0.46,0.13,cpu,0
1.0,2.451041,1.551041,0.0,0.0,0.0,11.69588095,1.608362346e-09,C4,0.46,0.13,cpu,0
1.0,2.551041,1.551041,0.0,0.0,0.0,11.70047337,1.408940099e-09,C4,0.46,0.13,cpu,0
1.0,2.651041,1.551041,0.0,0.0,0.0,11.70905065,1.705981763e-09,C4,0.46,0.13,cpu,0
1.0,1.451041,1.651041,0.0,0.0,0.0,11.86242247,1.363175937e-09,C4,0.46,0.13,cpu,0
1.0,1.551041,1.651041,0.0,0.0,0.0,11.82675178,7.926494151e-10,C4,0.46,0.13,cpu,0
1.0,1.651041,1.651041,0.0,0.0,0.0,11.79533346,1.059387187e-09,C4,0.46,0.13,cpu,0
1.0,1.751041,1.651041,0.0,0.0,0.0,11.76788791,1.625895937e-09,C4,0.46,0.13,cpu,0
1.0,1.851041,1.651041,0.0,0.0,0.0,11.74433278,1.532952208e-09,C4,0.46,0.13,cpu,0
1.0,1.951041,1.651041,0.0,0.0,0.0,11.72477235,9.054924327e-10,C4,0.46,0.13,cpu,0
1.0,2.051041,1.651041,0.0,0.0,0.0,11.70940976,5.794721567e-10,C4,0.46,0.13,cpu,0
1.0,2.151041,1.651041,0.0,0.0,0.0,11.69844677,7.970246406e-10,C4,0.46,0.13,cpu,0
1.0,2.251041,1.651041,0.0,0.0,0.0,11.6920037,8.962884058e-10,C4,0.46,0.13,cpu,0
1.0,2.351041,1.651041,0.0,0.0,0.0,11.69007025,1.495830684e-09,C4,0.46,0.13,cpu,0
1.0,2.451041,1.651041,0.0,0.0,0.0,11.69248444,1.855007458e-09,C4,0.46,0.13,cpu,0
1.0,2.551041,1.651041,0.0,0.0,0.0,11.69893189,1.564399684e-09,C4,0.46,0.13,cpu,0
1.0,2.651041,1.651041,0.0,0.0,0.0,11.70895777,1.180418244e-09,C4,0.46,0.13,cpu,0
1.0,1.451041,1.751041,0.0,0.0,0.0,11.82672069,1.213221368e-09,C4,0.46,0.13,cpu,0
1.0,1.551041,1.751041,0.0,0.0,0.0,11.79497609,1.416916879e-09,C4,0.46,0.13,cpu,0
1.0,1.651041,1.751041,0.0,0.0,0.0,11.76788791,1.789665126e-09,C4,0.46,0.13,cpu,0
1.0,1.751041,1.751041,0.0,0.0,0.0,11.74489901,5.757107478e-10,C4,0.46,0.13,cpu,0
1.0,1.776041,1.751041,0.0,0.0,0.0,11.73975213,8.470901659e-10,C4,0.46,0.13,cpu,0
1.0,1.801041,1.751041,0.0,0.0,0.0,11.73484013,9.321948564e-10,C4,0.46,0.13,cpu,0
1.0,1.826041,1.751041,0.0,0.0,0.0,11.73016209,7.277260117e-10,C4,0.46,0.13,cpu,0
1.0,1.851041,1.751041,0.0,0.0,0.0,11.7257179,8.559347132e-10,C4,0.46,0.13,cpu,0
1.0,1.876041,1.751041,0.0,0.0,0.0,11.72150816,1.095193025e-09,C4,0.46,0.13,cpu,0
1.0,1.901041,1.751041,0.0,0.0,0.0,11.71753407,1.215855389e-09,C4,0.46,0.13,cpu,0
1.0,1.926041,1.751041,0.0,0.0,0.0,11.71379729,7.421149864e-10,C4,0.46,0.13,cpu,0
1.0,1.951041,1.751041,0.0,0.0,0.0,11.71029985,2.048181992e-09,C4,0.46,0.13,cpu,0
1.0,1.976041,1.751041,0.0,0.0,0.0,11.70704403,1.541319689e-09,C4,0.46,0.13,cpu,0
1.0,2.001041,1.751041,0.0,0.0,0.0,11.70403226,1.015465711e-09,C4,0.46,0.13,cpu,0
1.0,2.026041,1.751041,0.0,0.0,0.0,11.70126699,1.606182757e-09,C4,0.46,0.13,cpu,0
1.0,2.051041,1.751041,0.0,0.0,0.0,11.6987506,1.207453905e-09,C4,0.46,0.13,cpu,0
1.0,2.076041,1.751041,0.0,0.0,0.0,11.69648534,1.298554936e-09,C4,0.46,0.13,cpu,0
1.0,2.101041,1.751041,0.0,0.0,0.0,11.69447323,1.98982143e-09,C4,0.46,0.13,cpu,0
1.0,2.126041,1.751041,0.0,0.0,0.0,11.69271597,1.32103711e-09,C4,0.46,0.13,cpu,0
1.0,2.151041,1.751041,0.0,0.0,0.0,11.69121492,1.709889545e-09,C4,0.46,0.13,cpu,0
1.0,2.176041,1.751041,0.0,0.0,0.0,11.68997099,9.679679845e-10,C4,0.46,0.13,cpu,0
1.0,2.201041,1.751041,0.0,0.0,0.0,11.68898467,1.511347512e-09,C4,0.46,0.13,cpu,0
1.0,2.226041,1.751041,0.0,0.0,0.0,11.68825591,9.632715038e-10,C4,0.46,0.13,cpu,0
1.0,2.251041,1.751041,0.0,0.0,0.0,11.68778414,1.389863875e-09,C4,0.46,0.13,cpu,0
1.0,2.276041,1.751041,0.0,0.0,0.0,11.68756824,1.03371256e-09,C4,0.46,0.13,cpu,0
1.0,2.301041,1.751041,0.0,0.0,0.0,11.6876065,9.61083474e-10,C4,0.46,0.13,cpu,0
1.0,2.326041,1.751041,0.0,0.0,0.0,11.68789664,1.341253315e-09,C4,0.46,0.13,cpu,0
1.0,2.351041,1.751041,0.0,0.0,0.0,11.68843577,1.252659249e-09,C4,0.46,0.13,cpu,0
1.0,2.451041,1.751041,0.0,0.0,0.0,11.69300392,1.402364177e-09,C4,0.46,0.13,cpu,0
1.0,2.551041,1.751041,0.0,0.0,0.0,11.70117335,7.577557288e-10,C4,0.46,0.13,cpu,0
1.0,2.651041,1.751041,0.0,0.0,0.0,11.71248919,1.041977433e-09,C4,0.46,0.13,cpu,0
1.0,1.751041,1.776041,0.0,0.0,0.0,11.73975213,7.486591856e-10,C4,0.46,0.13,cpu,0
1.0,1.776041,1.776041,0.0,0.0,0.0,11.73487969,8.447242215e-10,C4,0.46,0.13,cpu,0
1.0,1.801041,1.776041,0.0,0.0,0.0,11.7302398,1.050019994e-09,C4,0.46,0.13,cpu,0
1.0,1.826041,1.776041,0.0,0.0,0.0,11.72583095,1.319190772e-09,C4,0.46,0.13,cpu,0
1.0,1.851041,1.776041,0.0,0.0,0.0,11.72165251,3.930853837e-09,C4,0.46,0.13,cpu,0
1.0,1.876041,1.776041,0.0,0.0,0.0,11.71770461,9.679454109e-10,C4,0.46,0.13,cpu,0
1.0,1.901041,1.776041,0.0,0.0,0.0,11.71398801,6.045068941e-10,C4,0.46,0.13,cpu,0
1.0,1.926041,1.776041,0.0,0.0,0.0,11.710504,8.914694687e-10,C4,0.46,0.13,cpu,0
1.0,1.951041,1.776041,0.0,0.0,0.0,11.70725427,7.477644645e-10,C4,0.46,0.13,cpu,0
1.0,1.976041,1.776041,0.0,0.0,0.0,11.70424081,1.680425168e-09,C4,0.46,0.13,cpu,0
1.0,2.001041,1.776041,0.0,0.0,0.0,11.70146576,8.149326916e-10,C4,0.46,0.13,cpu,0
1.0,2.026041,1.776041,0.0,0.0,0.0,11.69893137,1.163699891e-09,C4,0.46,0.13,cpu,0
1.0,2.051041,1.776041,0.0,0.0,0.0,11.69663981,9.875096113e-10,C4,0.46,0.13,cpu,0
1.0,2.076041,1.776041,0.0,0.0,0.0,11.69459318,1.423132224e-09,C4,0.46,0.13,cpu,0
1.0,2.101041,1.776041,0.0,0.0,0.0,11.69279334,1.457684552e-09,C4,0.46,0.13,cpu,0
1.0,2.126041,1.776041,0.0,0.0,0.0,11.69124188,5.622792548e-10,C4,0.46,0.13,cpu,0
1.0,2.151041,1.776041,0.0,0.0,0.0,11.68994007,1.697874086e-09,C4,0.46,0.13,cpu,0
1.0,2.176041,1.776041,0.0,0.0,0.0,11.68888875,1.046331601e-09,C4,0.46,0.13,cpu,0
1.0,2.201041,1.776041,0.0,0.0,0.0,11.68808832,1.028944318e-09,C4,0.46,0.13,cpu,0
1.0,2.226041,1.776041,0.0,0.0,0.0,11.68753869,1.433817776e-09,C4,0.46,0.13,cpu,0
1.0,2.251041,1.776041,0.0,0.0,0.0,11.68723926,1.697927778e-09,C4,0.46,0.13,cpu,0
1.0,2.276041,1.776041,0.0,0.0,0.0,11.68718888,1.183517757e-09,C4,0.46,0.13,cpu,0
1.0,2.301041,1.776041,0.0,0.0,0.0,11.68738581,1.2622641e-09,C4,0.46,0.13,cpu,0
1.0,2.326041,1.776041,0.0,0.0,0.0,11.68782775,1.061530769e-09,C4,0.46,0.13,cpu,0
1.0,2.351041,1.776041,0.0,0.0,0.0,11.68851182,8.599164086e-10,C4,0.46,0.13,cpu,0
1.0,1.751041,1.801041,0.0,0.0,0.0,11.73484013,1.095887357e-09,C4,0.46,0.13,cpu,0
1.0,1.776041,1.801041,0.0,0.0,0.0,11.7302398,1.137772328e-09,C4,0.46,0.13,cpu,0
1.0,1.801041,1.801041,0.0,0.0,0.0,11.72586958,1.151820739e-09,C4,0.46,0.13,cpu,0
1.0,1.826041,1.801041,0.0,0.0,0.0,11.7217274,8.137653183e-10,C4,0.46,0.13,cpu,0
1.0,1.851041,1.801041,0.0,0.0,0.0,11.71781211,5.852913315e-10,C4,0.46,0.13,cpu,0
1.0,1.876041,1.801041,0.0,0.0,0.0,11.71412338,1.116285873e-09,C4,0.46,0.13,cpu,0
1.0,1.901041,1.801041,0.0,0.0,0.0,11.71066156,1.128328658e-09,C4,0.46,0.13,cpu,0
1.0,1.926041,1.801041,0.0,0.0,0.0,11.70742756,1.425580295e-09,C4,0.46,0.13,cpu,0
1.0,1.951041,1.801041,0.0,0.0,0.0,11.70442274,1.220912881e-09,C4,0.46,0.13,cpu,0
1.0,1.976041,1.801041,0.0,0.0,0.0,11.70164878,9.020061791e-10,C4,0.46,0.13,cpu,0
1.0,2.001041,1.801041,0.0,0.0,0.0,11.69910759,1.183768428e-09,C4,0.46,0.13,cpu,0
1.0,2.026041,1.801041,0.0,0.0,0.0,11.69680116,2.230044822e-09,C4,0.46,0.13,cpu,0
1.0,2.051041,1.801041,0.0,0.0,0.0,11.69473149,1.381263287e-09,C4,0.46,0.13,cpu,0
1.0,2.076041,1.801041,0.0,0.0,0.0,11.6929005,1.423965356e-09,C4,0.46,0.13,cpu,0
1.0,2.101041,1.801041,0.0,0.0,0.0,11.69130993,1.596959659e-09,C4,0.46,0.13,cpu,0
1.0,2.126041,1.801041,0.0,0.0,0.0,11.68996125,1.374633135e-09,C4,0.46,0.13,cpu,0
1.0,2.151041,1.801041,0.0,0.0,0.0,11.68885561,9.777831522e-10,C4,0.46,0.13,cpu,0
1.0,2.176041,1.801041,0.0,0.0,0.0,11.68799379,1.0623113e-09,C4,0.46,0.13,cpu,0
1.0,2.201041,1.801041,0.0,0.0,0.0,11.68737613,1.091525488e-09,C4,0.46,0.13,cpu,0
1.0,2.226041,1.801041,0.0,0.0,0.0,11.6870025,1.286396163e-09,C4,0.46,0.13,cpu,0
1.0,2.251041,1.801041,0.0,0.0,0.0,11.68687223,1.081448583e-09,C4,0.46,0.13,cpu,0
1.0,2.276041,1.801041,0.0,0.0,0.0,11.68698416,1.225431537e-09,C4,0.46,0.13,cpu,0
1.0,2.301041,1.801041,0.0,0.0,0.0,11.68733652,1.266746002e-09,C4,0.46,0.13,cpu,0
1.0,2.326041,1.801041,0.0,0.0,0.0,11.687927,1.102594276e-09,C4,0.46,0.13,cpu,0
1.0,2.351041,1.801041,0.0,0.0,0.0,11.6887527,9.535617783e-10,C4,0.46,0.13,cpu,0
1.0,1.751041,1.826041,0.0,0.0,0.0,11.73016209,9.956424362e-10,C4,0.46,0.13,cpu,0
1.0,1.776041,1.826041,0.0,0.0,0.0,11.72583095,1.345978518e-09,C4,0.46,0.13,cpu,0
1.0,1.801041,1.826041,0.0,0.0,0.0,11.7217274,8.391410838e-10,C4,0.46,0.13,cpu,0
1.0,1.826041,1.826041,0.0,0.0,0.0,11.71784881,8.125345949e-10,C4,0.46,0.13,cpu,0
1.0,1.851041,1.826041,0.0,0.0,0.0,11.71419355,2.865019533e-09,C4,0.46,0.13,cpu,0
1.0,1.876041,1.826041,0.0,0.0,0.0,11.71076082,7.853048151e-10,C4,0.46,0.13,cpu,0
1.0,1.901041,1.826041,0.0,0.0,0.0,11.70755056,1.033062095e-09,C4,0.46,0.13,cpu,0
1.0,1.926041,1.826041,0.0,0.0,0.0,11.70456331,7.38362489e-10,C4,0.46,0.13,cpu,0
1.0,1.951041,1.826041,0.0,0.0,0.0,11.7018001,7.614617662e-10,C4,0.46,0.13,cpu,0
1.0,1.976041,1.826041,0.0,0.0,0.0,11.69926232,7.434059925e-10,C4,0.46,0.13,cpu,0
1.0,2.001041,1.826041,0.0,0.0,0.0,11.69695163,1.101102038e-09,C4,0.46,0.13,cpu,0
1.0,2.026041,1.826041,0.0,0.0,0.0,11.69486979,1.269353327e-09,C4,0.46,0.13,cpu,0
1.0,2.051041,1.826041,0.0,0.0,0.0,11.69301863,1.86941049e-09,C4,0.46,0.13,cpu,0
1.0,2.076041,1.826041,0.0,0.0,0.0,11.69139988,1.074743579e-09,C4,0.46,0.13,cpu,0
1.0,2.101041,1.826041,0.0,0.0,0.0,11.69001515,1.456546785e-09,C4,0.46,0.13,cpu,0
1.0,2.126041,1.826041,0.0,0.0,0.0,11.68886579,5.667693547e-10,C4,0.46,0.13,cpu,0
1.0,2.151041,1.826041,0.0,0.0,0.0,11.68795287,1.4543664e-09,C4,0.46,0.13,cpu,0
1.0,2.176041,1.826041,0.0,0.0,0.0,11.68727709,8.762212034e-10,C4,0.46,0.13,cpu,0
1.0,2.201041,1.826041,0.0,0.0,0.0,11.68683871,1.141786723e-09,C4,0.46,0.13,cpu,0
1.0,2.226041,1.826041,0.0,0.0,0.0,11.68663755,1.888863258e-09,C4,0.46,0.13,cpu,0
1.0,2.251041,1.826041,0.0,0.0,0.0,11.68667293,1.068667327e-09,C4,0.46,0.13,cpu,0
1.0,2.276041,1.826041,0.0,0.0,0.0,11.68694362,1.087579935e-09,C4,0.46,0.13,cpu,0
1.0,2.301041,1.826041,0.0,0.0,0.0,11.68744786,8.365162965e-10,C4,0.46,0.13,cpu,0
1.0,2.326041,1.826041,0.0,0.0,0.0,11.6881833,7.150223091e-10,C4,0.46,0.13,cpu,0
1.0,2.351041,1.826041,0.0,0.0,0.0,11.68914704,9.331215903e-10,C4,0.46,0.13,cpu,0
1.0,1.451041,1.851041,0.0,0.0,0.0,11.79486115,1.379011061e-09,C4,0.46,0.13,cpu,0
1.0,1.551041,1.851041,0.0,0.0,0.0,11.76711613,1.410552489e-09,C4,0.46,0.13,cpu,0
1.0,1.651041,1.851041,0.0,0.0,0.0,11.74433278,9.964600087e-10,C4,0.46,0.13,cpu,0
1.0,1.751041,1.851041,0.0,0.0,0.0,11.7257179,1.47319879e-09,C4,0.46,0.13,cpu,0
1.0,1.776041,1.851041,0.0,0.0,0.0,11.72165251,7.457877093e-10,C4,0.46,0.13,cpu,0
1.0,1.801041,1.851041,0.0,0.0,0.0,11.71781211,9.14682432e-10,C4,0.46,0.13,cpu,0
1.0,1.826041,1.851041,0.0,0.0,0.0,11.71419355,9.529090212e-10,C4,0.46,0.13,cpu,0
1.0,1.851041,1.851041,0.0,0.0,0.0,11.71079469,1.031868184e-09,C4,0.46,0.13,cpu,0
1.0,1.876041,1.851041,0.0,0.0,0.0,11.7076143,1.202627035e-09,C4,0.46,0.13,cpu,0
1.0,1.901041,1.851041,0.0,0.0,0.0,11.7046519,1.676297509e-09,C4,0.46,0.13,cpu,0
1.0,1.926041,1.851041,0.0,0.0,0.0,11.70190768,1.518488495e-09,C4,0.46,0.13,cpu,0
1.0,1.951041,1.851041,0.0,0.0,0.0,11.69938234,9.299648912e-10,C4,0.46,0.13,cpu,0
1.0,1.976041,1.851041,0.0,0.0,0.0,11.69707699,1.100886277e-09,C4,0.46,0.13,cpu,0
1.0,2.001041,1.851041,0.0,0.0,0.0,11.69499302,1.274971852e-09,C4,0.46,0.13,cpu,0
1.0,2.026041,1.851041,0.0,0.0,0.0,11.69313199,8.349534199e-10,C4,0.46,0.13,cpu,0
1.0,2.051041,1.851041,0.0,0.0,0.0,11.69149552,1.232973105e-09,C4,0.46,0.13,cpu,0
1.0,2.076041,1.851041,0.0,0.0,0.0,11.69008521,1.285112563e-09,C4,0.46,0.13,cpu,0
1.0,2.101041,1.851041,0.0,0.0,0.0,11.6889025,9.974297932e-10,C4,0.46,0.13,cpu,0
1.0,2.126041,1.851041,0.0,0.0,0.0,11.68794866,1.425718817e-09,C4,0.46,0.13,cpu,0
1.0,2.151041,1.851041,0.0,0.0,0.0,11.68722463,9.168644718e-10,C4,0.46,0.13,cpu,0
1.0,2.176041,1.851041,0.0,0.0,0.0,11.68673105,9.511641672e-10,C4,0.46,0.13,cpu,0
1.0,2.201041,1.851041,0.0,0.0,0.0,11.68646812,1.517530473e-09,C4,0.46,0.13,cpu,0
1.0,2.226041,1.851041,0.0,0.0,0.0,11.6864356,9.69401134e-10,C4,0.46,0.13,cpu,0
1.0,2.251041,1.851041,0.0,0.0,0.0,11.68663277,8.590096912e-10,C4,0.46,0.13,cpu,0
1.0,2.276041,1.851041,0.0,0.0,0.0,11.68705839,1.044349768e-09,C4,0.46,0.13,cpu,0
1.0,2.301041,1.851041,0.0,0.0,0.0,11.68771065,7.86244882e-10,C4,0.46,0.13,cpu,0
1.0,2.326041,1.851041,0.0,0.0,0.0,11.6885872,9.19285323e-10,C4,0.46,0.13,cpu,0
1.0,2.351041,1.851041,0.0,0.0,0.0,11.68968512,1.538439404e-09,C4,0.46,0.13,cpu,0
1.0,2.451041,1.851041,0.0,0.0,0.0,11.6962115,1.874885388e-09,C4,0.46,0.13,cpu,0
1.0,2.551041,1.851041,0.0,0.0,0.0,11.70589565,1.169209017e-09,C4,0.46,0.13,cpu,0
1.0,2.651041,1.851041,0.0,0.0,0.0,11.71828342,8.669020427e-10,C4,0.46,0.13,cpu,0
1.0,1.751041,1.876041,0.0,0.0,0.0,11.72150816,1.073104651e-09,C4,0.46,0.13,cpu,0
1.0,1.776041,1.876041,0.0,0.0,0.0,11.71770461,1.397388234e-09,C4,0.46,0.13,cpu,0
1.0,1.801041,1.876041,0.0,0.0,0.0,11.71412338,1.232735172e-09,C4,0.46,0.13,cpu,0
1.0,1.826041,1.876041,0.0,0.0,0.0,11.71076082,4.768954223e-09,C4,0.46,0.13,cpu,0
1.0,1.851041,1.876041,0.0,0.0,0.0,11.7076143,7.494179024e-10,C4,0.46,0.13,cpu,0
1.0,1.876041,1.876041,0.0,0.0,0.0,11.70468214,1.320849392e-09,C4,0.46,0.13,cpu,0
1.0,1.901041,1.876041,0.0,0.0,0.0,11.70196348,5.843986379e-10,C4,0.46,0.13,cpu,0
1.0,1.926041,1.876041,0.0,0.0,0.0,11.69945815,8.01206938e-10,C4,0.46,0.13,cpu,0
1.0,1.951041,1.876041,0.0,0.0,0.0,11.69716652,1.879952755e-09,C4,0.46,0.13,cpu,0
1.0,1.976041,1.876041,0.0,0.0,0.0,11.69508943,9.290700992e-10,C4,0.46,0.13,cpu,0
1.0,2.001041,1.876041,0.0,0.0,0.0,11.69322802,7.864198044e-10,C4,0.46,0.13,cpu,0
1.0,2.026041,1.876041,0.0,0.0,0.0,11.69158362,1.304061156e-09,C4,0.46,0.13,cpu,0
1.0,2.051041,1.876041,0.0,0.0,0.0,11.69015768,1.827260162e-09,C4,0.46,0.13,cpu,0
1.0,2.076041,1.876041,0.0,0.0,0.0,11.68895163,1.422858935e-09,C4,0.46,0.13,cpu,0
1.0,2.101041,1.876041,0.0,0.0,0.0,11.68796678,8.143279901e-10,C4,0.46,0.13,cpu,0
1.0,2.126041,1.876041,0.0,0.0,0.0,11.68720428,9.084084634e-10,C4,0.46,0.13,cpu,0
1.0,2.151041,1.876041,0.0,0.0,0.0,11.68666499,1.018865716e-09,C4,0.46,0.13,cpu,0
1.0,2.176041,1.876041,0.0,0.0,0.0,11.68634945,1.114483334e-09,C4,0.46,0.13,cpu,0
1.0,2.201041,1.876041,0.0,0.0,0.0,11.68625782,8.45006651e-10,C4,0.46,0.13,cpu,0
1.0,2.226041,1.876041,0.0,0.0,0.0,11.68638981,1.556089485e-09,C4,0.46,0.13,cpu,0
1.0,2.251041,1.876041,0.0,0.0,0.0,11.68674465,8.721949049e-10,C4,0.46,0.13,cpu,0
1.0,2.276041,1.876041,0.0,0.0,0.0,11.68732106,1.615087944e-09,C4,0.46,0.13,cpu,0
1.0,2.301041,1.876041,0.0,0.0,0.0,11.68811722,1.737061683e-09,C4,0.46,0.13,cpu,0
1.0,2.326041,1.876041,0.0,0.0,0.0,11.68913078,2.091239183e-09,C4,0.46,0.13,cpu,0
1.0,2.351041,1.876041,0.0,0.0,0.0,11.69035877,1.904378136e-09,C4,0.46,0.13,cpu,0
1.0,1.751041,1.901041,0.0,0.0,0.0,11.71753407,1.752400106e-09,C4,0.46,0.13,cpu,0
1.0,1.776041,1.901041,0.0,0.0,0.0,11.71398801,1.170297707e-09,C4,0.46,0.13,cpu,0
1.0,1.801041,1.901041,0.0,0.0,0.0,11.71066156,1.496739294e-09,C4,0.46,0.13,cpu,0
1.0,1.826041,1.901041,0.0,0.0,0.0,11.70755056,6.081190488e-10,C4,0.46,0.13,cpu,0
1.0,1.851041,1.901041,0.0,0.0,0.0,11.7046519,9.029383134e-10,C4,0.46,0.13,cpu,0
1.0,1.876041,1.901041,0.0,0.0,0.0,11.70196348,1.039005285e-09,C4,0.46,0.13,cpu,0
1.0,1.901041,1.901041,0.0,0.0,0.0,11.69948405,1.376419223e-09,C4,0.46,0.13,cpu,0
1.0,1.926041,1.901041,0.0,0.0,0.0,11.69721308,8.550848382e-10,C4,0.46,0.13,cpu,0
1.0,1.951041,1.901041,0.0,0.0,0.0,11.69515064,1.643425769e-09,C4,0.46,0.13,cpu,0
1.0,1.976041,1.901041,0.0,0.0,0.0,11.69329727,9.556428387e-10,C4,0.46,0.13,cpu,0
1.0,2.001041,1.901041,0.0,0.0,0.0,11.69165388,1.157801555e-09,C4,0.46,0.13,cpu,0
1.0,2.026041,1.901041,0.0,0.0,0.0,11.6902216,1.382530317e-09,C4,0.46,0.13,cpu,0
1.0,2.051041,1.901041,0.0,0.0,0.0,11.68900167,1.059839464e-09,C4,0.46,0.13,cpu,0
1.0,2.076041,1.901041,0.0,0.0,0.0,11.68799537,1.855726065e-09,C4,0.46,0.13,cpu,0
1.0,2.101041,1.901041,0.0,0.0,0.0,11.68720389,1.099127226e-09,C4,0.46,0.13,cpu,0
1.0,2.126041,1.901041,0.0,0.0,0.0,11.68662826,1.167694228e-09,C4,0.46,0.13,cpu,0
1.0,2.151041,1.901041,0.0,0.0,0.0,11.68626924,1.285899512e-09,C4,0.46,0.13,cpu,0
1.0,2.176041,1.901041,0.0,0.0,0.0,11.6861273,1.002291299e-09,C4,0.46,0.13,cpu,0
1.0,2.201041,1.901041,0.0,0.0,0.0,11.68620254,5.438034219e-10,C4,0.46,0.13,cpu,0
1.0,2.226041,1.901041,0.0,0.0,0.0,11.68649462,8.69334716e-10,C4,0.46,0.13,cpu,0
1.0,2.251041,1.901041,0.0,0.0,0.0,11.68700272,1.135510104e-09,C4,0.46,0.13,cpu,0
1.0,2.276041,1.901041,0.0,0.0,0.0,11.68772556,2.193064559e-09,C4,0.46,0.13,cpu,0
1.0,2.301041,1.901041,0.0,0.0,0.0,11.68866127,2.017930105e-09,C4,0.46,0.13,cpu,0
1.0,2.326041,1.901041,0.0,0.0,0.0,11.68980749,1.218744284e-09,C4,0.46,0.13,cpu,0
1.0,2.351041,1.901041,0.0,0.0,0.0,11.69116124,1.367213756e-09,C4,0.46,0.13,cpu,0
1.0,1.751041,1.926041,0.0,0.0,0.0,11.71379729,3.199113175e-09,C4,0.46,0.13,cpu,0
1.0,1.776041,1.926041,0.0,0.0,0.0,11.710504,5.859655402e-10,C4,0.46,0.13,cpu,0
1.0,1.801041,1.926041,0.0,0.0,0.0,11.70742756,9.056562904e-10,C4,0.46,0.13,cpu,0
1.0,1.826041,1.926041,0.0,0.0,0.0,11.70456331,1.417594218e-09,C4,0.46,0.13,cpu,0
1.0,1.851041,1.926041,0.0,0.0,0.0,11.70190768,5.814872895e-10,C4,0.46,0.13,cpu,0
1.0,1.876041,1.926041,0.0,0.0,0.0,11.69945815,9.893311335e-10,C4,0.46,0.13,cpu,0
1.0,1.901041,1.926041,0.0,0.0,0.0,11.69721308,2.507893088e-09,C4,0.46,0.13,cpu,0
1.0,1.926041,1.926041,0.0,0.0,0.0,11.6951716,1.24728451e-09,C4,0.46,0.13,cpu,0
1.0,1.951041,1.926041,0.0,0.0,0.0,11.69333347,1.019857207e-09,C4,0.46,0.13,cpu,0
1.0,1.976041,1.926041,0.0,0.0,0.0,11.69169897,1.092831629e-09,C4,0.46,0.13,cpu,0
1.0,2.001041,1.926041,0.0,0.0,0.0,11.69026875,1.597323484e-09,C4,0.46,0.13,cpu,0
1.0,2.026041,1.926041,0.0,0.0,0.0,11.68904374,9.669312592e-10,C4,0.46,0.13,cpu,0
1.0,2.051041,1.926041,0.0,0.0,0.0,11.688025,1.367394395e-09,C4,0.46,0.13,cpu,0
1.0,2.076041,1.926041,0.0,0.0,0.0,11.68721365,9.125939247e-10,C4,0.46,0.13,cpu,0
1.0,2.101041,1.926041,0.0,0.0,0.0,11.68661076,6.549456979e-10,C4,0.46,0.13,cpu,0
1.0,2.126041,1.926041,0.0,0.0,0.0,11.68621722,9.649993248e-10,C4,0.46,0.13,cpu,0
1.0,2.151041,1.926041,0.0,0.0,0.0,11.68603374,1.386708621e-09,C4,0.46,0.13,cpu,0
1.0,2.176041,1.926041,0.0,0.0,0.0,11.68606069,1.058855291e-09,C4,0.46,0.13,cpu,0
1.0,2.201041,1.926041,0.0,0.0,0.0,11.68629812,8.201661129e-10,C4,0.46,0.13,cpu,0
1.0,2.226041,1.926041,0.0,0.0,0.0,11.68674562,1.350627327e-09,C4,0.46,0.13,cpu,0
1.0,2.251041,1.926041,0.0,0.0,0.0,11.68740237,2.117536393e-09,C4,0.46,0.13,cpu,0
1.0,2.276041,1.926041,0.0,0.0,0.0,11.68826703,1.389725041e-09,C4,0.46,0.13,cpu,0
1.0,2.301041,1.926041,0.0,0.0,0.0,11.68933773,1.024192253e-09,C4,0.46,0.13,cpu,0
1.0,2.326041,1.926041,0.0,0.0,0.0,11.69061206,1.546668727e-09,C4,0.46,0.13,cpu,0
1.0,2.351041,1.926041,0.0,0.0,0.0,11.69208707,1.688788532e-09,C4,0.46,0.13,cpu,0
1.0,1.451041,1.951041,0.0,0.0,0.0,11.7673057,1.0750645e-09,C4,0.46,0.13,cpu,0
1.0,1.551041,1.951041,0.0,0.0,0.0,11.743442,1.2267927e-09,C4,0.46,0.13,cpu,0
1.0,1.651041,1.951041,0.0,0.0,0.0,11.72477235,6.960007715e-10,C4,0.46,0.13,cpu,0
1.0,1.751041,1.951041,0.0,0.0,0.0,11.71029985,1.749671532e-09,C4,0.46,0.13,cpu,0
1.0,1.776041,1.951041,0.0,0.0,0.0,11.70725427,9.06907828e-10,C4,0.46,0.13,cpu,0
1.0,1.801041,1.951041,0.0,0.0,0.0,11.70442274,7.270552628e-10,C4,0.46,0.13,cpu,0
1.0,1.826041,1.951041,0.0,0.0,0.0,11.7018001,1.537925112e-09,C4,0.46,0.13,cpu,0
1.0,1.851041,1.951041,0.0,0.0,0.0,11.69938234,8.917466647e-10,C4,0.46,0.13,cpu,0
1.0,1.876041,1.951041,0.0,0.0,0.0,11.69716652,1.404144755e-09,C4,0.46,0.13,cpu,0
1.0,1.901041,1.951041,0.0,0.0,0.0,11.69515064,1.276858227e-09,C4,0.46,0.13,cpu,0
1.0,1.926041,1.951041,0.0,0.0,0.0,11.69333347,8.350719271e-10,C4,0.46,0.13,cpu,0
1.0,1.951041,1.951041,0.0,0.0,0.0,11.69171449,1.174911334e-09,C4,0.46,0.13,cpu,0
1.0,1.976041,1.951041,0.0,0.0,0.0,11.69029369,1.612747085e-09,C4,0.46,0.13,cpu,0
1.0,2.001041,1.951041,0.0,0.0,0.0,11.6890715,8.873957131e-10,C4,0.46,0.13,cpu,0
1.0,2.026041,1.951041,0.0,0.0,0.0,11.68804863,1.203741311e-09,C4,0.46,0.13,cpu,0
1.0,2.051041,1.951041,0.0,0.0,0.0,11.68722598,1.015740271e-09,C4,0.46,0.13,cpu,0
1.0,2.076041,1.951041,0.0,0.0,0.0,11.68660452,1.376073429e-09,C4,0.46,0.13,cpu,0
1.0,2.101041,1.951041,0.0,0.0,0.0,11.68618516,2.288716998e-09,C4,0.46,0.13,cpu,0
1.0,2.126041,1.951041,0.0,0.0,0.0,11.68596871,2.246923129e-09,C4,0.46,0.13,cpu,0
1.0,2.151041,1.951041,0.0,0.0,0.0,11.68595578,8.953241384e-10,C4,0.46,0.13,cpu,0
1.0,2.176041,1.951041,0.0,0.0,0.0,11.68614668,9.540304793e-10,C4,0.46,0.13,cpu,0
1.0,2.201041,1.951041,0.0,0.0,0.0,11.68654138,7.302761477e-10,C4,0.46,0.13,cpu,0
1.0,2.226041,1.951041,0.0,0.0,0.0,11.68713944,1.186084086e-09,C4,0.46,0.13,cpu,0
1.0,2.251041,1.951041,0.0,0.0,0.0,11.68794,1.738461025e-09,C4,0.46,0.13,cpu,0
1.0,2.276041,1.951041,0.0,0.0,0.0,11.68894168,1.308613255e-09,C4,0.46,0.13,cpu,0
1.0,2.301041,1.951041,0.0,0.0,0.0,11.69014261,1.623615693e-09,C4,0.46,0.13,cpu,0
1.0,2.326041,1.951041,0.0,0.0,0.0,11.69154036,1.432656174e-09,C4,0.46,0.13,cpu,0
1.0,2.351041,1.951041,0.0,0.0,0.0,11.69313196,1.556523093e-09,C4,0.46,0.13,cpu,0
1.0,2.451041,1.951041,0.0,0.0,0.0,11.70135747,7.775601552e-10,C4,0.46,0.13,cpu,0
1.0,2.551041,1.951041,0.0,0.0,0.0,11.71229994,6.835003571e-10,C4,0.46,0.13,cpu,0
1.0,2.651041,1.951041,0.0,0.0,0.0,11.72550794,5.495550629e-10,C4,0.46,0.13,cpu,0
1.0,1.751041,1.976041,0.0,0.0,0.0,11.70704403,1.018460251e-09,C4,0.46,0.13,cpu,0
1.0,1.776041,1.976041,0.0,0.0,0.0,11.70424081,1.024825671e-09,C4,0.46,0.13,cpu,0
1.0,1.801041,1.976041,0.0,0.0,0.0,11.70164878,1.110806603e-09,C4,0.46,0.13,cpu,0
1.0,1.826041,1.976041,0.0,0.0,0.0,11.69926232,9.301580599e-10,C4,0.46,0.13,cpu,0
1.0,1.851041,1.976041,0.0,0.0,0.0,11.69707699,1.115349669e-09,C4,0.46,0.13,cpu,0
1.0,1.876041,1.976041,0.0,0.0,0.0,11.69508943,1.723623487e-09,C4,0.46,0.13,cpu,0
1.0,1.901041,1.976041,0.0,0.0,0.0,11.69329727,1.585733755e-09,C4,0.46,0.13,cpu,0
1.0,1.926041,1.976041,0.0,0.0,0.0,11.69169897,1.073918416e-09,C4,0.46,0.13,cpu,0
1.0,1.951041,1.976041,0.0,0.0,0.0,11.69029369,2.133701347e-09,C4,0.46,0.13,cpu,0
1.0,1.976041,1.976041,0.0,0.0,0.0,11.68908117,1.207214019e-09,C4,0.46,0.13,cpu,0
1.0,2.001041,1.976041,0.0,0.0,0.0,11.68806161,2.288690685e-09,C4,0.46,0.13,cpu,0
1.0,2.026041,1.976041,0.0,0.0,0.0,11.68723552,2.588934756e-09,C4,0.46,0.13,cpu,0
1.0,2.051041,1.976041,0.0,0.0,0.0,11.68660362,1.599285577e-09,C4,0.46,0.13,cpu,0
1.0,2.076041,1.976041,0.0,0.0,0.0,11.68616671,1.879043961e-09,C4,0.46,0.13,cpu,0
1.0,2.101041,1.976041,0.0,0.0,0.0,11.68592562,1.500964824e-09,C4,0.46,0.13,cpu,0
1.0,2.126041,1.976041,0.0,0.0,0.0,11.68588103,9.082635639e-10,C4,0.46,0.13,cpu,0
1.0,2.151041,1.976041,0.0,0.0,0.0,11.68603345,7.780721302e-10,C4,0.46,0.13,cpu,0
1.0,2.176041,1.976041,0.0,0.0,0.0,11.68638314,1.6283107e-09,C4,0.46,0.13,cpu,0
1.0,2.201041,1.976041,0.0,0.0,0.0,11.68693,2.681967475e-09,C4,0.46,0.13,cpu,0
1.0,2.226041,1.976041,0.0,0.0,0.0,11.68767356,2.351493547e-09,C4,0.46,0.13,cpu,0
1.0,2.251041,1.976041,0.0,0.0,0.0,11.68861291,1.333268083e-09,C4,0.46,0.13,cpu,0
1.0,2.276041,1.976041,0.0,0.0,0.0,11.68974666,7.727285266e-10,C4,0.46,0.13,cpu,0
1.0,2.301041,1.976041,0.0,0.0,0.0,11.6910729,1.248211242e-09,C4,0.46,0.13,cpu,0
1.0,2.326041,1.976041,0.0,0.0,0.0,11.6925892,9.254795138e-10,C4,0.46,0.13,cpu,0
1.0,2.351041,1.976041,0.0,0.0,0.0,11.69429259,8.580423703e-10,C4,0.46,0.13,cpu,0
1.0,1.751041,2.001041,0.0,0.0,0.0,11.70403226,8.387502638e-10,C4,0.46,0.13,cpu,0
1.0,1.776041,2.001041,0.0,0.0,0.0,11.70146576,1.208264126e-09,C4,0.46,0.13,cpu,0
1.0,1.801041,2.001041,0.0,0.0,0.0,11.69910759,9.011507912e-10,C4,0.46,0.13,cpu,0
1.0,1.826041,2.001041,0.0,0.0,0.0,11.69695163,1.223574076e-09,C4,0.46,0.13,cpu,0
1.0,1.851041,2.001041,0.0,0.0,0.0,11.69499302,5.917129028e-10,C4,0.46,0.13,cpu,0
1.0,1.876041,2.001041,0.0,0.0,0.0,11.69322802,1.508016484e-09,C4,0.46,0.13,cpu,0
1.0,1.901041,2.001041,0.0,0.0,0.0,11.69165388,7.672394038e-10,C4,0.46,0.13,cpu,0
1.0,1.926041,2.001041,0.0,0.0,0.0,11.69026875,1.205124082e-09,C4,0.46,0.13,cpu,0
1.0,1.951041,2.001041,0.0,0.0,0.0,11.6890715,1.080430097e-09,C4,0.46,0.13,cpu,0
1.0,1.976041,2.001041,0.0,0.0,0.0,11.68806161,1.98447747e-09,C4,0.46,0.13,cpu,0
1.0,2.001041,2.001041,0.0,0.0,0.0,11.68723905,1.706321435e-09,C4,0.46,0.13,cpu,0
1.0,2.026041,2.001041,0.0,0.0,0.0,11.68660414,9.597878395e-10,C4,0.46,0.13,cpu,0
1.0,2.051041,2.001041,0.0,0.0,0.0,11.68615742,9.574549405e-10,C4,0.46,0.13,cpu,0
1.0,2.076041,2.001041,0.0,0.0,0.0,11.68589957,9.760011186e-10,C4,0.46,0.13,cpu,0
1.0,2.101041,2.001041,0.0,0.0,0.0,11.68583125,1.86744673e-09,C4,0.46,0.13,cpu,0
1.0,2.126041,2.001041,0.0,0.0,0.0,11.68595308,1.800056705e-09,C4,0.46,0.13,cpu,0
1.0,2.151041,2.001041,0.0,0.0,0.0,11.68626548,1.946390557e-09,C4,0.46,0.13,cpu,0
1.0,2.176041,2.001041,0.0,0.0,0.0,11.68676862,1.03174578e-09,C4,0.46,0.13,cpu,0
1.0,2.201041,2.001041,0.0,0.0,0.0,11.68746237,7.780384894e-10,C4,0.46,0.13,cpu,0
1.0,2.226041,2.001041,0.0,0.0,0.0,11.6883462,1.394551927e-09,C4,0.46,0.13,cpu,0
1.0,2.251041,2.001041,0.0,0.0,0.0,11.68941918,1.698732306e-09,C4,0.46,0.13,cpu,0
1.0,2.276041,2.001041,0.0,0.0,0.0,11.69067988,1.26964217e-09,C4,0.46,0.13,cpu,0
1.0,2.301041,2.001041,0.0,0.0,0.0,11.69212639,9.6338031e-10,C4,0.46,0.13,cpu,0
1.0,2.326041,2.001041,0.0,0.0,0.0,11.69375627,1.485638514e-09,C4,0.46,0.13,cpu,0
1.0,2.351041,2.001041,0.0,0.0,0.0,11.69556652,8.593130109e-10,C4,0.46,0.13,cpu,0
1.0,1.751041,2.026041,0.0,0.0,0.0,11.70126699,7.441443793e-10,C4,0.46,0.13,cpu,0
1.0,1.776041,2.026041,0.0,0.0,0.0,11.69893137,1.490384553e-09,C4,0.46,0.13,cpu,0
1.0,1.801041,2.026041,0.0,0.0,0.0,11.69680116,8.633607925e-10,C4,0.46,0.13,cpu,0
1.0,1.826041,2.026041,0.0,0.0,0.0,11.69486979,1.233148838e-09,C4,0.46,0.13,cpu,0
1.0,1.851041,2.026041,0.0,0.0,0.0,11.69313199,1.564604719e-09,C4,0.46,0.13,cpu,0
1.0,1.876041,2.026041,0.0,0.0,0.0,11.69158362,1.673258439e-09,C4,0.46,0.13,cpu,0
1.0,1.901041,2.026041,0.0,0.0,0.0,11.6902216,9.901206319e-10,C4,0.46,0.13,cpu,0
1.0,1.926041,2.026041,0.0,0.0,0.0,11.68904374,1.275134936e-09,C4,0.46,0.13,cpu,0
1.0,1.951041,2.026041,0.0,0.0,0.0,11.68804863,6.305884889e-10,C4,0.46,0.13,cpu,0
1.0,1.976041,2.026041,0.0,0.0,0.0,11.68723552,1.223708598e-09,C4,0.46,0.13,cpu,0
1.0,2.001041,2.026041,0.0,0.0,0.0,11.68660414,9.270447069e-10,C4,0.46,0.13,cpu,0
1.0,2.026041,2.026041,0.0,0.0,0.0,11.68615462,1.380505836e-09,C4,0.46,0.13,cpu,0
1.0,2.051041,2.026041,0.0,0.0,0.0,11.68588734,1.420022096e-09,C4,0.46,0.13,cpu,0
1.0,2.076041,2.026041,0.0,0.0,0.0,11.68580283,2.250563172e-09,C4,0.46,0.13,cpu,0
1.0,2.101041,2.026041,0.0,0.0,0.0,11.68590165,1.977608203e-09,C4,0.46,0.13,cpu,0
1.0,2.126041,2.026041,0.0,0.0,0.0,11.68618429,2.344073027e-09,C4,0.46,0.13,cpu,0
1.0,2.151041,2.026041,0.0,0.0,0.0,11.68665112,1.094334359e-09,C4,0.46,0.13,cpu,0
1.0,2.176041,2.026041,0.0,0.0,0.0,11.68730223,1.047258791e-09,C4,0.46,0.13,cpu,0
1.0,2.201041,2.026041,0.0,0.0,0.0,11.68813744,9.843126345e-10,C4,0.46,0.13,cpu,0
1.0,2.226041,2.026041,0.0,0.0,0.0,11.68915618,1.149235444e-09,C4,0.46,0.13,cpu,0
1.0,2.251041,2.026041,0.0,0.0,0.0,11.69035749,1.134494605e-09,C4,0.46,0.13,cpu,0
1.0,2.276041,2.026041,0.0,0.0,0.0,11.69173992,1.096347375e-09,C4,0.46,0.13,cpu,0
1.0,2.301041,2.026041,0.0,0.0,0.0,11.69330154,9.875587731e-10,C4,0.46,0.13,cpu,0
1.0,2.326041,2.026041,0.0,0.0,0.0,11.6950399,1.2709295e-09,C4,0.46,0.13,cpu,0
1.0,2.351041,2.026041,0.0,0.0,0.0,11.69695201,8.522314171e-10,C4,0.46,0.13,cpu,0
1.0,1.451041,2.051041,0.0,0.0,0.0,11.74448403,7.739554634e-10,C4,0.46,0.13,cpu,0
1.0,1.551041,2.051041,0.0,0.0,0.0,11.72426282,8.980951631e-10,C4,0.46,0.13,cpu,0
1.0,1.651041,2.051041,0.0,0.0,0.0,11.70940976,1.692457381e-09,C4,0.46,0.13,cpu,0
1.0,1.751041,2.051041,0.0,0.0,0.0,11.6987506,1.406609239e-09,C4,0.46,0.13,cpu,0
1.0,1.776041,2.051041,0.0,0.0,0.0,11.69663981,1.528897963e-09,C4,0.46,0.13,cpu,0
1.0,1.801041,2.051041,0.0,0.0,0.0,11.69473149,1.159325886e-09,C4,0.46,0.13,cpu,0
1.0,1.826041,2.051041,0.0,0.0,0.0,11.69301863,7.94622046e-10,C4,0.46,0.13,cpu,0
1.0,1.851041,2.051041,0.0,0.0,0.0,11.69149552,1.363840177e-09,C4,0.46,0.13,cpu,0
1.0,1.876041,2.051041,0.0,0.0,0.0,11.69015768,2.437408701e-09,C4,0.46,0.13,cpu,0
1.0,1.901041,2.051041,0.0,0.0,0.0,11.68900167,2.640575825e-09,C4,0.46,0.13,cpu,0
1.0,1.926041,2.051041,0.0,0.0,0.0,11.688025,1.158885219e-09,C4,0.46,0.13,cpu,0
1.0,1.951041,2.051041,0.0,0.0,0.0,11.68722598,1.972730186e-09,C4,0.46,0.13,cpu,0
1.0,1.976041,2.051041,0.0,0.0,0.0,11.68660362,1.567942608e-09,C4,0.46,0.13,cpu,0
1.0,2.001041,2.051041,0.0,0.0,0.0,11.68615742,2.07366675e-09,C4,0.46,0.13,cpu,0
1.0,2.026041,2.051041,0.0,0.0,0.0,11.68588734,1.872819889e-09,C4,0.46,0.13,cpu,0
1.0,2.051041,2.051041,0.0,0.0,0.0,11.68579359,1.889282794e-09,C4,0.46,0.13,cpu,0
1.0,2.076041,2.051041,0.0,0.0,0.0,11.68587657,1.43162359e-09,C4,0.46,0.13,cpu,0
1.0,2.101041,2.051041,0.0,0.0,0.0,11.68613671,9.298781429e-10,C4,0.46,0.13,cpu,0
1.0,2.126041,2.051041,0.0,0.0,0.0,11.68657444,1.10526037e-09,C4,0.46,0.13,cpu,0
1.0,2.151041,2.051041,0.0,0.0,0.0,11.68719,9.94320158e-10,C4,0.46,0.13,cpu,0
1.0,2.176041,2.051041,0.0,0.0,0.0,11.68798347,8.220594955e-10,C4,0.46,0.13,cpu,0
1.0,2.201041,2.051041,0.0,0.0,0.0,11.68895458,1.128742381e-09,C4,0.46,0.13,cpu,0
1.0,2.226041,2.051041,0.0,0.0,0.0,11.69010276,1.51281766e-09,C4,0.46,0.13,cpu,0
1.0,2.251041,2.051041,0.0,0.0,0.0,11.69142699,1.305226898e-09,C4,0.46,0.13,cpu,0
1.0,2.276041,2.051041,0.0,0.0,0.0,11.69292583,8.294267188e-10,C4,0.46,0.13,cpu,0
1.0,2.301041,2.051041,0.0,0.0,0.0,11.69459732,9.551505771e-10,C4,0.46,0.13,cpu,0
1.0,2.326041,2.051041,0.0,0.0,0.0,11.69643901,1.015581561e-09,C4,0.46,0.13,cpu,0
1.0,2.351041,2.051041,0.0,0.0,0.0,11.6984479,8.724752782e-10,C4,0.46,0.13,cpu,0
1.0,2.451041,2.051041,0.0,0.0,0.0,11.70807613,6.257687906e-10,C4,0.46,0.13,cpu,0
1.0,2.551041,2.051041,0.0,0.0,0.0,11.71999674,1.100633083e-09,C4,0.46,0.13,cpu,0
1.0,2.651041,2.051041,0.0,0.0,0.0,11.73376432,5.629770737e-10,C4,0.46,0.13,cpu,0
1.0,1.751041,2.076041,0.0,0.0,0.0,11.69648534,1.418587393e-09,C4,0.46,0.13,cpu,0
1.0,1.776041,2.076041,0.0,0.0,0.0,11.69459318,9.805406935e-10,C4,0.46,0.13,cpu,0
1.0,1.801041,2.076041,0.0,0.0,0.0,11.6929005,1.561332962e-09,C4,0.46,0.13,cpu,0
1.0,1.826041,2.076041,0.0,0.0,0.0,11.69139988,7.466014274e-10,C4,0.46,0.13,cpu,0
1.0,1.851041,2.076041,0.0,0.0,0.0,11.69008521,1.298539444e-09,C4,0.46,0.13,cpu,0
1.0,1.876041,2.076041,0.0,0.0,0.0,11.68895163,8.58393809e-10,C4,0.46,0.13,cpu,0
1.0,1.901041,2.076041,0.0,0.0,0.0,11.68799537,1.265037643e-09,C4,0.46,0.13,cpu,0
1.0,1.926041,2.076041,0.0,0.0,0.0,11.68721365,1.182904045e-09,C4,0.46,0.13,cpu,0
1.0,1.951041,2.076041,0.0,0.0,0.0,11.68660452,1.486715722e-09,C4,0.46,0.13,cpu,0
1.0,1.976041,2.076041,0.0,0.0,0.0,11.68616671,7.611516106e-10,C4,0.46,0.13,cpu,0
1.0,2.001041,2.076041,0.0,0.0,0.0,11.68589957,9.241332882e-10,C4,0.46,0.13,cpu,0
1.0,2.026041,2.076041,0.0,0.0,0.0,11.68580283,2.130216281e-09,C4,0.46,0.13,cpu,0
1.0,2.051041,2.076041,0.0,0.0,0.0,11.68587657,1.56340522e-09,C4,0.46,0.13,cpu,0
1.0,2.076041,2.076041,0.0,0.0,0.0,11.68612104,1.282552203e-09,C4,0.46,0.13,cpu,0
1.0,2.101041,2.076041,0.0,0.0,0.0,11.68653659,1.373476225e-09,C4,0.46,0.13,cpu,0
1.0,2.126041,2.076041,0.0,0.0,0.0,11.68712352,1.054782242e-09,C4,0.46,0.13,cpu,0
1.0,2.151041,2.076041,0.0,0.0,0.0,11.68788203,2.237469667e-09,C4,0.46,0.13,cpu,0
1.0,2.176041,2.076041,0.0,0.0,0.0,11.68881212,1.025486562e-09,C4,0.46,0.13,cpu,0
1.0,2.201041,2.076041,0.0,0.0,0.0,11.6899135,1.261235843e-09,C4,0.46,0.13,cpu,0
1.0,2.226041,2.076041,0.0,0.0,0.0,11.69118554,1.757636264e-09,C4,0.46,0.13,cpu,0
1.0,2.251041,2.076041,0.0,0.0,0.0,11.69262722,8.006023022e-10,C4,0.46,0.13,cpu,0
1.0,2.276041,2.076041,0.0,0.0,0.0,11.69423706,7.024527382e-10,C4,0.46,0.13,cpu,0
1.0,2.301041,2.076041,0.0,0.0,0.0,11.69601311,1.650851979e-09,C4,0.46,0.13,cpu,0
1.0,2.326041,2.076041,0.0,0.0,0.0,11.69795291,1.428339058e-09,C4,0.46,0.13,cpu,0
1.0,2.351041,2.076041,0.0,0.0,0.0,11.70005345,1.381484477e-09,C4,0.46,0.13,cpu,0
1.0,1.751041,2.101041,0.0,0.0,0.0,11.69447323,2.203803387e-09,C4,0.46,0.13,cpu,0
1.0,1.776041,2.101041,0.0,0.0,0.0,11.69279334,8.704537002e-10,C4,0.46,0.13,cpu,0
1.0,1.801041,2.101041,0.0,0.0,0.0,11.69130993,1.37282374e-09,C4,0.46,0.13,cpu,0
1.0,1.826041,2.101041,0.0,0.0,0.0,11.69001515,1.978818492e-09,C4,0.46,0.13,cpu,0
1.0,1.851041,2.101041,0.0,0.0,0.0,11.6889025,1.741974415e-09,C4,0.46,0.13,cpu,0
1.0,1.876041,2.101041,0.0,0.0,0.0,11.68796678,1.510679597e-09,C4,0.46,0.13,cpu,0
1.0,1.901041,2.101041,0.0,0.0,0.0,11.68720389,1.192364809e-09,C4,0.46,0.13,cpu,0
1.0,1.926041,2.101041,0.0,0.0,0.0,11.68661076,1.448052499e-09,C4,0.46,0.13,cpu,0
1.0,1.951041,2.101041,0.0,0.0,0.0,11.68618516,1.500326369e-09,C4,0.46,0.13,cpu,0
1.0,1.976041,2.101041,0.0,0.0,0.0,11.68592562,1.115834076e-09,C4,0.46,0.13,cpu,0
1.0,2.001041,2.101041,0.0,0.0,0.0,11.68583125,1.375180091e-09,C4,0.46,0.13,cpu,0
1.0,2.026041,2.101041,0.0,0.0,0.0,11.68590165,2.261753233e-09,C4,0.46,0.13,cpu,0
1.0,2.051041,2.101041,0.0,0.0,0.0,11.68613671,1.220455087e-09,C4,0.46,0.13,cpu,0
1.0,2.076041,2.101041,0.0,0.0,0.0,11.68653659,1.045198662e-09,C4,0.46,0.13,cpu,0
1.0,2.101041,2.101041,0.0,0.0,0.0,11.6871015,1.089093363e-09,C4,0.46,0.13,cpu,0
1.0,2.126041,2.101041,0.0,0.0,0.0,11.68783168,6.346387016e-10,C4,0.46,0.13,cpu,0
1.0,2.151041,2.101041,0.0,0.0,0.0,11.68872725,1.473779687e-09,C4,0.46,0.13,cpu,0
1.0,2.176041,2.101041,0.0,0.0,0.0,11.68978816,1.159139652e-09,C4,0.46,0.13,cpu,0
1.0,2.201041,2.101041,0.0,0.0,0.0,11.69101407,1.365315984e-09,C4,0.46,0.13,cpu,0
1.0,2.226041,2.101041,0.0,0.0,0.0,11.69240433,1.177238827e-09,C4,0.46,0.13,cpu,0
1.0,2.251041,2.101041,0.0,0.0,0.0,11.6939579,1.037944079e-09,C4,0.46,0.13,cpu,0
1.0,2.276041,2.101041,0.0,0.0,0.0,11.69567328,7.012419118e-10,C4,0.46,0.13,cpu,0
1.0,2.301041,2.101041,0.0,0.0,0.0,11.69754853,1.680006172e-09,C4,0.46,0.13,cpu,0
1.0,2.326041,2.101041,0.0,0.0,0.0,11.69958117,9.057675042e-10,C4,0.46,0.13,cpu,0
1.0,2.351041,2.101041,0.0,0.0,0.0,11.70176822,1.099183771e-09,C4,0.46,0.13,cpu,0
1.0,1.751041,2.126041,0.0,0.0,0.0,11.69271597,1.571839538e-09,C4,0.46,0.13,cpu,0
1.0,1.776041,2.126041,0.0,0.0,0.0,11.69124188,1.194153773e-09,C4,0.46,0.13,cpu,0
1.0,1.801041,2.126041,0.0,0.0,0.0,11.68996125,7.143111287e-10,C4,0.46,0.13,cpu,0
1.0,1.826041,2.126041,0.0,0.0,0.0,11.68886579,7.478444243e-10,C4,0.46,0.13,cpu,0
1.0,1.851041,2.126041,0.0,0.0,0.0,11.68794866,1.61867701e-09,C4,0.46,0.13,cpu,0
1.0,1.876041,2.126041,0.0,0.0,0.0,11.68720428,6.707880551e-10,C4,0.46,0.13,cpu,0
1.0,1.901041,2.126041,0.0,0.0,0.0,11.68662826,7.522412729e-10,C4,0.46,0.13,cpu,0
1.0,1.926041,2.126041,0.0,0.0,0.0,11.68621722,6.921437845e-10,C4,0.46,0.13,cpu,0
1.0,1.951041,2.126041,0.0,0.0,0.0,11.68596871,8.716447666e-10,C4,0.46,0.13,cpu,0
1.0,1.976041,2.126041,0.0,0.0,0.0,11.68588103,9.929352915e-10,C4,0.46,0.13,cpu,0
1.0,2.001041,2.126041,0.0,0.0,0.0,11.68595308,1.334213623e-09,C4,0.46,0.13,cpu,0
1.0,2.026041,2.126041,0.0,0.0,0.0,11.68618429,8.814619209e-10,C4,0.46,0.13,cpu,0
1.0,2.051041,2.126041,0.0,0.0,0.0,11.68657444,1.153881666e-09,C4,0.46,0.13,cpu,0
1.0,2.076041,2.126041,0.0,0.0,0.0,11.68712352,1.743027242e-09,C4,0.46,0.13,cpu,0
1.0,2.101041,2.126041,0.0,0.0,0.0,11.68783168,1.150524461e-09,C4,0.46,0.13,cpu,0
1.0,2.126041,2.126041,0.0,0.0,0.0,11.68869906,1.3246735e-09,C4,0.46,0.13,cpu,0
1.0,2.151041,2.126041,0.0,0.0,0.0,11.68972572,1.480484777e-09,C4,0.46,0.13,cpu,0
1.0,2.176041,2.126041,0.0,0.0,0.0,11.69091156,8.333565682e-10,C4,0.46,0.13,cpu,0
1.0,2.201041,2.126041,0.0,0.0,0.0,11.69225622,1.028201703e-09,C4,0.46,0.13,cpu,0
1.0,2.226041,2.126041,0.0,0.0,0.0,11.69375901,1.083539351e-09,C4,0.46,0.13,cpu,0
1.0,2.251041,2.126041,0.0,0.0,0.0,11.69541886,8.696783593e-10,C4,0.46,0.13,cpu,0
1.0,2.276041,2.126041,0.0,0.0,0.0,11.6972343,8.791681263e-10,C4,0.46,0.13,cpu,0
1.0,2.301041,2.126041,0.0,0.0,0.0,11.69920335,7.272968767e-10,C4,0.46,0.13,cpu,0
1.0,2.326041,2.126041,0.0,0.0,0.0,11.70132356,1.18159214e-09,C4,0.46,0.13,cpu,0
1.0,2.351041,2.126041,0.0,0.0,0.0,11.70359195,7.963455211e-10,C4,0.46,0.13,cpu,0
1.0,1.451041,2.151041,0.0,0.0,0.0,11.72672876,8.449393699e-10,C4,0.46,0.13,cpu,0
1.0,1.551041,2.151041,0.0,0.0,0.0,11.70984148,1.716679113e-09,C4,0.46,0.13,cpu,0
1.0,1.651041,2.151041,0.0,0.0,0.0,11.69844677,7.088636945e-10,C4,0.46,0.13,cpu,0
1.0,1.751041,2.151041,0.0,0.0,0.0,11.69121492,1.176427099e-09,C4,0.46,0.13,cpu,0
1.0,1.776041,2.151041,0.0,0.0,0.0,11.68994007,2.103257996e-09,C4,0.46,0.13,cpu,0
1.0,1.801041,2.151041,0.0,0.0,0.0,11.68885561,1.183067269e-09,C4,0.46,0.13,cpu,0
1.0,1.826041,2.151041,0.0,0.0,0.0,11.68795287,1.961322593e-09,C4,0.46,0.13,cpu,0
1.0,1.851041,2.151041,0.0,0.0,0.0,11.68722463,1.034073565e-09,C4,0.46,0.13,cpu,0
1.0,1.876041,2.151041,0.0,0.0,0.0,11.68666499,1.379762784e-09,C4,0.46,0.13,cpu,0
1.0,1.901041,2.151041,0.0,0.0,0.0,11.68626924,1.590979255e-09,C4,0.46,0.13,cpu,0
1.0,1.926041,2.151041,0.0,0.0,0.0,11.68603374,1.171077123e-09,C4,0.46,0.13,cpu,0
1.0,1.951041,2.151041,0.0,0.0,0.0,11.68595578,1.237753099e-09,C4,0.46,0.13,cpu,0
1.0,1.976041,2.151041,0.0,0.0,0.0,11.68603345,1.603334343e-09,C4,0.46,0.13,cpu,0
1.0,2.001041,2.151041,0.0,0.0,0.0,11.68626548,1.077829044e-09,C4,0.46,0.13,cpu,0
1.0,2.026041,2.151041,0.0,0.0,0.0,11.68665112,1.326531022e-09,C4,0.46,0.13,cpu,0
1.0,2.051041,2.151041,0.0,0.0,0.0,11.68719,1.780444089e-09,C4,0.46,0.13,cpu,0
1.0,2.076041,2.151041,0.0,0.0,0.0,11.68788203,1.412086397e-09,C4,0.46,0.13,cpu,0
1.0,2.101041,2.151041,0.0,0.0,0.0,11.68872725,1.03169945e-09,C4,0.46,0.13,cpu,0
1.0,2.126041,2.151041,0.0,0.0,0.0,11.68972572,6.822285665e-10,C4,0.46,0.13,cpu,0
1.0,2.151041,2.151041,0.0,0.0,0.0,11.69087746,9.364950006e-10,C4,0.46,0.13,cpu,0
1.0,2.176041,2.151041,0.0,0.0,0.0,11.6921823,7.177568096e-10,C4,0.46,0.13,cpu,0
1.0,2.201041,2.151041,0.0,0.0,0.0,11.69363986,1.027888177e-09,C4,0.46,0.13,cpu,0
1.0,2.226041,2.151041,0.0,0.0,0.0,11.69524944,7.436213844e-10,C4,0.46,0.13,cpu,0
1.0,2.251041,2.151041,0.0,0.0,0.0,11.69700995,5.245137918e-10,C4,0.46,0.13,cpu,0
1.0,2.276041,2.151041,0.0,0.0,0.0,11.69891992,5.086962551e-10,C4,0.46,0.13,cpu,0
1.0,2.301041,2.151041,0.0,0.0,0.0,11.70097737,5.262699096e-10,C4,0.46,0.13,cpu,0
1.0,2.326041,2.151041,0.0,0.0,0.0,11.70317985,1.111847303e-09,C4,0.46,0.13,cpu,0
1.0,2.351041,2.151041,0.0,0.0,0.0,11.7055244,6.324517621e-10,C4,0.46,0.13,cpu,0
1.0,2.451041,2.151041,0.0,0.0,0.0,11.71624494,3.589231055e-10,C4,0.46,0.13,cpu,0
1.0,2.551041,2.151041,0.0,0.0,0.0,11.72886145,1.405316418e-09,C4,0.46,0.13,cpu,0
1.0,2.651041,2.151041,0.0,0.0,0.0,11.74293869,4.837362539e-10,C4,0.46,0.13,cpu,0
1.0,1.751041,2.176041,0.0,0.0,0.0,11.68997099,1.075791272e-09,C4,0.46,0.13,cpu,0
1.0,1.776041,2.176041,0.0,0.0,0.0,11.68888875,1.196044611e-09,C4,0.46,0.13,cpu,0
1.0,1.801041,2.176041,0.0,0.0,0.0,11.68799379,9.314395175e-10,C4,0.46,0.13,cpu,0
1.0,1.826041,2.176041,0.0,0.0,0.0,11.68727709,1.114932418e-09,C4,0.46,0.13,cpu,0
1.0,1.851041,2.176041,0.0,0.0,0.0,11.68673105,9.652069587e-10,C4,0.46,0.13,cpu,0
1.0,1.876041,2.176041,0.0,0.0,0.0,11.68634945,6.613952188e-10,C4,0.46,0.13,cpu,0
1.0,1.901041,2.176041,0.0,0.0,0.0,11.6861273,1.103683718e-09,C4,0.46,0.13,cpu,0
1.0,1.926041,2.176041,0.0,0.0,0.0,11.68606069,7.134594773e-10,C4,0.46,0.13,cpu,0
1.0,1.951041,2.176041,0.0,0.0,0.0,11.68614668,9.817319842e-10,C4,0.46,0.13,cpu,0
1.0,1.976041,2.176041,0.0,0.0,0.0,11.68638314,1.563880213e-09,C4,0.46,0.13,cpu,0
1.0,2.001041,2.176041,0.0,0.0,0.0,11.68676862,2.122026149e-09,C4,0.46,0.13,cpu,0
1.0,2.026041,2.176041,0.0,0.0,0.0,11.68730223,7.899696391e-10,C4,0.46,0.13,cpu,0
1.0,2.051041,2.176041,0.0,0.0,0.0,11.68798347,1.183180904e-09,C4,0.46,0.13,cpu,0
1.0,2.076041,2.176041,0.0,0.0,0.0,11.68881212,1.018890317e-09,C4,0.46,0.13,cpu,0
1.0,2.101041,2.176041,0.0,0.0,0.0,11.68978816,1.222697243e-09,C4,0.46,0.13,cpu,0
1.0,2.126041,2.176041,0.0,0.0,0.0,11.69091156,9.439879976e-10,C4,0.46,0.13,cpu,0
1.0,2.151041,2.176041,0.0,0.0,0.0,11.6921823,1.461216364e-09,C4,0.46,0.13,cpu,0
1.0,2.176041,2.176041,0.0,0.0,0.0,11.69360018,9.163170185e-10,C4,0.46,0.13,cpu,0
1.0,2.201041,2.176041,0.0,0.0,0.0,11.69516478,1.35899908e-09,C4,0.46,0.13,cpu,0
1.0,2.226041,2.176041,0.0,0.0,0.0,11.69687538,1.048268691e-09,C4,0.46,0.13,cpu,0
1.0,2.251041,2.176041,0.0,0.0,0.0,11.69873091,5.588176311e-10,C4,0.46,0.13,cpu,0
1.0,2.276041,2.176041,0.0,0.0,0.0,11.70072986,1.315668393e-09,C4,0.46,0.13,cpu,0
1.0,2.301041,2.176041,0.0,0.0,0.0,11.7028703,6.150922338e-10,C4,0.46,0.13,cpu,0
1.0,2.326041,2.176041,0.0,0.0,0.0,11.70514977,9.386107268e-10,C4,0.46,0.13,cpu,0
1.0,2.351041,2.176041,0.0,0.0,0.0,11.70756533,6.166738503e-10,C4,0.46,0.13,cpu,0
1.0,1.751041,2.201041,0.0,0.0,0.0,11.68898467,2.3490761e-09,C4,0.46,0.13,cpu,0
1.0,1.776041,2.201041,0.0,0.0,0.0,11.68808832,6.771596432e-10,C4,0.46,0.13,cpu,0
1.0,1.801041,2.201041,0.0,0.0,0.0,11.68737613,1.271936658e-09,C4,0.46,0.13,cpu,0
1.0,1.826041,2.201041,0.0,0.0,0.0,11.68683871,1.140022032e-09,C4,0.46,0.13,cpu,0
1.0,1.851041,2.201041,0.0,0.0,0.0,11.68646812,1.163541756e-09,C4,0.46,0.13,cpu,0
1.0,1.876041,2.201041,0.0,0.0,0.0,11.68625782,1.043406247e-09,C4,0.46,0.13,cpu,0
1.0,1.901041,2.201041,0.0,0.0,0.0,11.68620254,1.505299006e-09,C4,0.46,0.13,cpu,0
1.0,1.926041,2.201041,0.0,0.0,0.0,11.68629812,1.075020085e-09,C4,0.46,0.13,cpu,0
1.0,1.951041,2.201041,0.0,0.0,0.0,11.68654138,1.176682504e-09,C4,0.46,0.13,cpu,0
1.0,1.976041,2.201041,0.0,0.0,0.0,11.68693,1.851800603e-09,C4,0.46,0.13,cpu,0
1.0,2.001041,2.201041,0.0,0.0,0.0,11.68746237,9.89339714e-10,C4,0.46,0.13,cpu,0
1.0,2.026041,2.201041,0.0,0.0,0.0,11.68813744,1.287509818e-09,C4,0.46,0.13,cpu,0
1.0,2.051041,2.201041,0.0,0.0,0.0,11.68895458,1.260432315e-09,C4,0.46,0.13,cpu,0
1.0,2.076041,2.201041,0.0,0.0,0.0,11.6899135,8.146531888e-10,C4,0.46,0.13,cpu,0
1.0,2.101041,2.201041,0.0,0.0,0.0,11.69101407,1.026170584e-09,C4,0.46,0.13,cpu,0
1.0,2.126041,2.201041,0.0,0.0,0.0,11.69225622,6.54859852e-10,C4,0.46,0.13,cpu,0
1.0,2.151041,2.201041,0.0,0.0,0.0,11.69363986,9.874966539e-10,C4,0.46,0.13,cpu,0
1.0,2.176041,2.201041,0.0,0.0,0.0,11.69516478,1.532650338e-09,C4,0.46,0.13,cpu,0
1.0,2.201041,2.201041,0.0,0.0,0.0,11.69683053,6.423778118e-10,C4,0.46,0.13,cpu,0
1.0,2.226041,2.201041,0.0,0.0,0.0,11.69863638,1.237476865e-09,C4,0.46,0.13,cpu,0
1.0,2.251041,2.201041,0.0,0.0,0.0,11.70058126,9.508506341e-10,C4,0.46,0.13,cpu,0
1.0,2.276041,2.201041,0.0,0.0,0.0,11.70266367,6.044263538e-10,C4,0.46,0.13,cpu,0
1.0,2.301041,2.201041,0.0,0.0,0.0,11.70488168,8.906081214e-10,C4,0.46,0.13,cpu,0
1.0,2.326041,2.201041,0.0,0.0,0.0,11.70723287,5.016236413e-10,C4,0.46,0.13,cpu,0
1.0,2.351041,2.201041,0.0,0.0,0.0,11.7097143,7.05586324e-10,C4,0.46,0.13,cpu,0
1.0,1.751041,2.226041,0.0,0.0,0.0,11.68825591,1.563455336e-09,C4,0.46,0.13,cpu,0
1.0,1.776041,2.226041,0.0,0.0,0.0,11.68753869,1.740935577e-09,C4,0.46,0.13,cpu,0
1.0,1.801041,2.226041,0.0,0.0,0.0,11.6870025,1.23558946e-09,C4,0.46,0.13,cpu,0
1.0,1.826041,2.226041,0.0,0.0,0.0,11.68663755,1.524443742e-09,C4,0.46,0.13,cpu,0
1.0,1.851041,2.226041,0.0,0.0,0.0,11.6864356,8.235868409e-10,C4,0.46,0.13,cpu,0
1.0,1.876041,2.226041,0.0,0.0,0.0,11.68638981,7.071154436e-10,C4,0.46,0.13,cpu,0
1.0,1.901041,2.226041,0.0,0.0,0.0,11.68649462,1.024709803e-09,C4,0.46,0.13,cpu,0
1.0,1.926041,2.226041,0.0,0.0,0.0,11.68674562,9.06605036e-10,C4,0.46,0.13,cpu,0
1.0,1.951041,2.226041,0.0,0.0,0.0,11.68713944,1.525333272e-09,C4,0.46,0.13,cpu,0
1.0,1.976041,2.226041,0.0,0.0,0.0,11.68767356,1.226574747e-09,C4,0.46,0.13,cpu,0
1.0,2.001041,2.226041,0.0,0.0,0.0,11.6883462,1.241146509e-09,C4,0.46,0.13,cpu,0
1.0,2.026041,2.226041,0.0,0.0,0.0,11.68915618,8.689359465e-10,C4,0.46,0.13,cpu,0
1.0,2.051041,2.226041,0.0,0.0,0.0,11.69010276,8.728126802e-10,C4,0.46,0.13,cpu,0
1.0,2.076041,2.226041,0.0,0.0,0.0,11.69118554,1.493706348e-09,C4,0.46,0.13,cpu,0
1.0,2.101041,2.226041,0.0,0.0,0.0,11.69240433,1.252189738e-09,C4,0.46,0.13,cpu,0
1.0,2.126041,2.226041,0.0,0.0,0.0,11.69375901,1.367232925e-09,C4,0.46,0.13,cpu,0
1.0,2.151041,2.226041,0.0,0.0,0.0,11.69524944,1.124528592e-09,C4,0.46,0.13,cpu,0
1.0,2.176041,2.226041,0.0,0.0,0.0,11.69687538,1.138132367e-09,C4,0.46,0.13,cpu,0
1.0,2.201041,2.226041,0.0,0.0,0.0,11.69863638,1.179349048e-09,C4,0.46,0.13,cpu,0
1.0,2.226041,2.226041,0.0,0.0,0.0,11.7005317,4.923594722e-10,C4,0.46,0.13,cpu,0
1.0,2.251041,2.226041,0.0,0.0,0.0,11.70256028,8.354109637e-10,C4,0.46,0.13,cpu,0
1.0,2.276041,2.226041,0.0,0.0,0.0,11.70472063,7.586775774e-10,C4,0.46,0.13,cpu,0
1.0,2.301041,2.226041,0.0,0.0,0.0,11.70701083,4.334310875e-10,C4,0.46,0.13,cpu,0
1.0,2.326041,2.226041,0.0,0.0,0.0,11.70942848,1.72803255e-09,C4,0.46,0.13,cpu,0
1.0,2.351041,2.226041,0.0,0.0,0.0,11.71197067,6.561132654e-10,C4,0.46,0.13,cpu,0
1.0,1.451041,2.251041,0.0,0.0,0.0,11.71422722,7.027195853e-10,C4,0.46,0.13,cpu,0
1.0,1.551041,2.251041,0.0,0.0,0.0,11.70032912,1.65358327e-09,C4,0.46,0.13,cpu,0
1.0,1.651041,2.251041,0.0,0.0,0.0,11.6920037,1.401336538e-09,C4,0.46,0.13,cpu,0
1.0,1.751041,2.251041,0.0,0.0,0.0,11.68778414,1.540068742e-09,C4,0.46,0.13,cpu,0
1.0,1.776041,2.251041,0.0,0.0,0.0,11.68723926,1.922073653e-09,C4,0.46,0.13,cpu,0
1.0,1.801041,2.251041,0.0,0.0,0.0,11.68687223,2.315801385e-09,C4,0.46,0.13,cpu,0
1.0,1.826041,2.251041,0.0,0.0,0.0,11.68667293,1.119582287e-09,C4,0.46,0.13,cpu,0
1.0,1.851041,2.251041,0.0,0.0,0.0,11.68663277,1.34913866e-09,C4,0.46,0.13,cpu,0
1.0,1.876041,2.251041,0.0,0.0,0.0,11.68674465,1.450356695e-09,C4,0.46,0.13,cpu,0
1.0,1.901041,2.251041,0.0,0.0,0.0,11.68700272,1.18473985e-09,C4,0.46,0.13,cpu,0
1.0,1.926041,2.251041,0.0,0.0,0.0,11.68740237,1.708709916e-09,C4,0.46,0.13,cpu,0
1.0,1.951041,2.251041,0.0,0.0,0.0,11.68794,1.335990998e-09,C4,0.46,0.13,cpu,0
1.0,1.976041,2.251041,0.0,0.0,0.0,11.68861291,2.014547301e-09,C4,0.46,0.13,cpu,0
1.0,2.001041,2.251041,0.0,0.0,0.0,11.68941918,1.035821219e-09,C4,0.46,0.13,cpu,0
1.0,2.026041,2.251041,0.0,0.0,0.0,11.69035749,1.188883e-09,C4,0.46,0.13,cpu,0
1.0,2.051041,2.251041,0.0,0.0,0.0,11.69142699,2.276038005e-09,C4,0.46,0.13,cpu,0
1.0,2.076041,2.251041,0.0,0.0,0.0,11.69262722,8.237823667e-10,C4,0.46,0.13,cpu,0
1.0,2.101041,2.251041,0.0,0.0,0.0,11.6939579,6.733064817e-10,C4,0.46,0.13,cpu,0
1.0,2.126041,2.251041,0.0,0.0,0.0,11.69541886,1.346864222e-09,C4,0.46,0.13,cpu,0
1.0,2.151041,2.251041,0.0,0.0,0.0,11.69700995,5.194192253e-10,C4,0.46,0.13,cpu,0
1.0,2.176041,2.251041,0.0,0.0,0.0,11.69873091,4.891535135e-10,C4,0.46,0.13,cpu,0
1.0,2.201041,2.251041,0.0,0.0,0.0,11.70058126,6.538228887e-10,C4,0.46,0.13,cpu,0
1.0,2.226041,2.251041,0.0,0.0,0.0,11.70256028,7.064560062e-10,C4,0.46,0.13,cpu,0
1.0,2.251041,2.251041,0.0,0.0,0.0,11.7046669,4.340933758e-10,C4,0.46,0.13,cpu,0
1.0,2.276041,2.251041,0.0,0.0,0.0,11.70689968,6.379424416e-10,C4,0.46,0.13,cpu,0
1.0,2.301041,2.251041,0.0,0.0,0.0,11.7092567,6.862043107e-10,C4,0.46,0.13,cpu,0
1.0,2.326041,2.251041,0.0,0.0,0.0,11.7117356,7.077929127e-10,C4,0.46,0.13,cpu,0
1.0,2.351041,2.251041,0.0,0.0,0.0,11.71433348,9.280465454e-10,C4,0.46,0.13,cpu,0
1.0,2.451041,2.251041,0.0,0.0,0.0,11.72583889,4.70768387e-10,C4,0.46,0.13,cpu,0
1.0,2.551041,2.251041,0.0,0.0,0.0,11.73888176,4.70297839e-10,C4,0.46,0.13,cpu,0
1.0,2.651041,2.251041,0.0,0.0,0.0,11.75304094,3.945749056e-10,C4,0.46,0.13,cpu,0
1.0,1.751041,2.276041,0.0,0.0,0.0,11.68756824,2.049555159e-09,C4,0.46,0.13,cpu,0
1.0,1.776041,2.276041,0.0,0.0,0.0,11.68718888,1.528645097e-09,C4,0.46,0.13,cpu,0
1.0,1.801041,2.276041,0.0,0.0,0.0,11.68698416,1.464908526e-09,C4,0.46,0.13,cpu,0
1.0,1.826041,2.276041,0.0,0.0,0.0,11.68694362,1.128155547e-09,C4,0.46,0.13,cpu,0
1.0,1.851041,2.276041,0.0,0.0,0.0,11.68705839,9.160251834e-10,C4,0.46,0.13,cpu,0
1.0,1.876041,2.276041,0.0,0.0,0.0,11.68732106,1.304029395e-09,C4,0.46,0.13,cpu,0
1.0,1.901041,2.276041,0.0,0.0,0.0,11.68772556,1.168441331e-09,C4,0.46,0.13,cpu,0
1.0,1.926041,2.276041,0.0,0.0,0.0,11.68826703,1.306940732e-09,C4,0.46,0.13,cpu,0
1.0,1.951041,2.276041,0.0,0.0,0.0,11.68894168,1.153477762e-09,C4,0.46,0.13,cpu,0
1.0,1.976041,2.276041,0.0,0.0,0.0,11.68974666,1.153978554e-09,C4,0.46,0.13,cpu,0
1.0,2.001041,2.276041,0.0,0.0,0.0,11.69067988,9.174176894e-10,C4,0.46,0.13,cpu,0
1.0,2.026041,2.276041,0.0,0.0,0.0,11.69173992,1.404294938e-09,C4,0.46,0.13,cpu,0
1.0,2.051041,2.276041,0.0,0.0,0.0,11.69292583,2.262162773e-09,C4,0.46,0.13,cpu,0
1.0,2.076041,2.276041,0.0,0.0,0.0,11.69423706,8.647564132e-10,C4,0.46,0.13,cpu,0
1.0,2.101041,2.276041,0.0,0.0,0.0,11.69567328,1.351988875e-09,C4,0.46,0.13,cpu,0
1.0,2.126041,2.276041,0.0,0.0,0.0,11.6972343,9.91910563e-10,C4,0.46,0.13,cpu,0
1.0,2.151041,2.276041,0.0,0.0,0.0,11.69891992,5.375513013e-10,C4,0.46,0.13,cpu,0
1.0,2.176041,2.276041,0.0,0.0,0.0,11.70072986,6.550081324e-10,C4,0.46,0.13,cpu,0
1.0,2.201041,2.276041,0.0,0.0,0.0,11.70266367,5.88413571e-10,C4,0.46,0.13,cpu,0
1.0,2.226041,2.276041,0.0,0.0,0.0,11.70472063,4.714675372e-10,C4,0.46,0.13,cpu,0
1.0,2.251041,2.276041,0.0,0.0,0.0,11.70689968,9.424006999e-10,C4,0.46,0.13,cpu,0
1.0,2.276041,2.276041,0.0,0.0,0.0,11.70919939,6.234444549e-10,C4,0.46,0.13,cpu,0
1.0,2.301041,2.276041,0.0,0.0,0.0,11.7116179,4.00559902e-10,C4,0.46,0.13,cpu,0
1.0,2.326041,2.276041,0.0,0.0,0.0,11.71415285,4.122895183e-10,C4,0.46,0.13,cpu,0
1.0,2.351041,2.276041,0.0,0.0,0.0,11.7168014,3.838474102e-10,C4,0.46,0.13,cpu,0
1.0,1.751041,2.301041,0.0,0.0,0.0,11.6876065,1.310815088e-09,C4,0.46,0.13,cpu,0
1.0,1.776041,2.301041,0.0,0.0,0.0,11.68738581,1.870516866e-09,C4,0.46,0.13,cpu,0
1.0,1.801041,2.301041,0.0,0.0,0.0,11.68733652,6.238057821e-10,C4,0.46,0.13,cpu,0
1.0,1.826041,2.301041,0.0,0.0,0.0,11.68744786,9.689319604e-10,C4,0.46,0.13,cpu,0
1.0,1.851041,2.301041,0.0,0.0,0.0,11.68771065,1.698043635e-09,C4,0.46,0.13,cpu,0
1.0,1.876041,2.301041,0.0,0.0,0.0,11.68811722,9.278827338e-10,C4,0.46,0.13,cpu,0
1.0,1.901041,2.301041,0.0,0.0,0.0,11.68866127,1.556906977e-09,C4,0.46,0.13,cpu,0
1.0,1.926041,2.301041,0.0,0.0,0.0,11.68933773,2.043459618e-09,C4,0.46,0.13,cpu,0
1.0,1.951041,2.301041,0.0,0.0,0.0,11.69014261,1.522212753e-09,C4,0.46,0.13,cpu,0
1.0,1.976041,2.301041,0.0,0.0,0.0,11.6910729,1.248253639e-09,C4,0.46,0.13,cpu,0
1.0,2.001041,2.301041,0.0,0.0,0.0,11.69212639,1.011343179e-09,C4,0.46,0.13,cpu,0
1.0,2.026041,2.301041,0.0,0.0,0.0,11.69330154,1.583565979e-09,C4,0.46,0.13,cpu,0
1.0,2.051041,2.301041,0.0,0.0,0.0,11.69459732,1.719687939e-09,C4,0.46,0.13,cpu,0
1.0,2.076041,2.301041,0.0,0.0,0.0,11.69601311,1.189118174e-09,C4,0.46,0.13,cpu,0
1.0,2.101041,2.301041,0.0,0.0,0.0,11.69754853,6.664784004e-10,C4,0.46,0.13,cpu,0
1.0,2.126041,2.301041,0.0,0.0,0.0,11.69920335,1.123851502e-09,C4,0.46,0.13,cpu,0
1.0,2.151041,2.301041,0.0,0.0,0.0,11.70097737,6.817827909e-10,C4,0.46,0.13,cpu,0
1.0,2.176041,2.301041,0.0,0.0,0.0,11.7028703,6.164924749e-10,C4,0.46,0.13,cpu,0
1.0,2.201041,2.301041,0.0,0.0,0.0,11.70488168,6.491118632e-10,C4,0.46,0.13,cpu,0
1.0,2.226041,2.301041,0.0,0.0,0.0,11.70701083,5.730143577e-10,C4,0.46,0.13,cpu,0
1.0,2.251041,2.301041,0.0,0.0,0.0,11.7092567,5.156928779e-10,C4,0.46,0.13,cpu,0
1.0,2.276041,2.301041,0.0,0.0,0.0,11.7116179,6.598792558e-10,C4,0.46,0.13,cpu,0
1.0,2.301041,2.301041,0.0,0.0,0.0,11.71409258,5.688695567e-10,C4,0.46,0.13,cpu,0
1.0,2.326041,2.301041,0.0,0.0,0.0,11.71667844,1.156289249e-09,C4,0.46,0.13,cpu,0
1.0,2.351041,2.301041,0.0,0.0,0.0,11.71937267,7.51415322e-10,C4,0.46,0.13,cpu,0
1.0,1.751041,2.326041,0.0,0.0,0.0,11.68789664,2.260234342e-09,C4,0.46,0.13,cpu,0
1.0,1.776041,2.326041,0.0,0.0,0.0,11.68782775,1.460833676e-09,C4,0.46,0.13,cpu,0
1.0,1.801041,2.326041,0.0,0.0,0.0,11.687927,7.838261675e-10,C4,0.46,0.13,cpu,0
1.0,1.826041,2.326041,0.0,0.0,0.0,11.6881833,9.710933874e-10,C4,0.46,0.13,cpu,0
1.0,1.851041,2.326041,0.0,0.0,0.0,11.6885872,1.451528133e-09,C4,0.46,0.13,cpu,0
1.0,1.876041,2.326041,0.0,0.0,0.0,11.68913078,1.25655726e-09,C4,0.46,0.13,cpu,0
1.0,1.901041,2.326041,0.0,0.0,0.0,11.68980749,9.285149686e-10,C4,0.46,0.13,cpu,0
1.0,1.926041,2.326041,0.0,0.0,0.0,11.69061206,1.629242003e-09,C4,0.46,0.13,cpu,0
1.0,1.951041,2.326041,0.0,0.0,0.0,11.69154036,1.761166911e-09,C4,0.46,0.13,cpu,0
1.0,1.976041,2.326041,0.0,0.0,0.0,11.6925892,1.592549282e-09,C4,0.46,0.13,cpu,0
1.0,2.001041,2.326041,0.0,0.0,0.0,11.69375627,8.230762192e-10,C4,0.46,0.13,cpu,0
1.0,2.026041,2.326041,0.0,0.0,0.0,11.6950399,1.001621063e-09,C4,0.46,0.13,cpu,0
1.0,2.051041,2.326041,0.0,0.0,0.0,11.69643901,1.601132069e-09,C4,0.46,0.13,cpu,0
1.0,2.076041,2.326041,0.0,0.0,0.0,11.69795291,1.21441988e-09,C4,0.46,0.13,cpu,0
1.0,2.101041,2.326041,0.0,0.0,0.0,11.69958117,6.724226871e-10,C4,0.46,0.13,cpu,0
1.0,2.126041,2.326041,0.0,0.0,0.0,11.70132356,6.524353766e-10,C4,0.46,0.13,cpu,0
1.0,2.151041,2.326041,0.0,0.0,0.0,11.70317985,5.750021045e-10,C4,0.46,0.13,cpu,0
1.0,2.176041,2.326041,0.0,0.0,0.0,11.70514977,5.546726132e-10,C4,0.46,0.13,cpu,0
1.0,2.201041,2.326041,0.0,0.0,0.0,11.70723287,7.30267955e-10,C4,0.46,0.13,cpu,0
1.0,2.226041,2.326041,0.0,0.0,0.0,11.70942848,6.940848849e-10,C4,0.46,0.13,cpu,0
1.0,2.251041,2.326041,0.0,0.0,0.0,11.7117356,5.445497364e-10,C4,0.46,0.13,cpu,0
1.0,2.276041,2.326041,0.0,0.0,0.0,11.71415285,9.409474014e-10,C4,0.46,0.13,cpu,0
1.0,2.301041,2.326041,0.0,0.0,0.0,11.71667844,7.920123449e-10,C4,0.46,0.13,cpu,0
1.0,2.326041,2.326041,0.0,0.0,0.0,11.7193101,5.662268419e-10,C4,0.46,0.13,cpu,0
1.0,2.351041,2.326041,0.0,0.0,0.0,11.72204507,5.11863048e-10,C4,0.46,0.13,cpu,0
1.0,1.451041,2.351041,0.0,0.0,0.0,11.70699817,6.986853043e-10,C4,0.46,0.13,cpu,0
1.0,1.551041,2.351041,0.0,0.0,0.0,11.69572829,8.563195588e-10,C4,0.46,0.13,cpu,0
1.0,1.651041,2.351041,0.0,0.0,0.0,11.69007025,1.07639842e-09,C4,0.46,0.13,cpu,0
1.0,1.751041,2.351041,0.0,0.0,0.0,11.68843577,1.375709582e-09,C4,0.46,0.13,cpu,0
1.0,1.776041,2.351041,0.0,0.0,0.0,11.68851182,1.65166351e-09,C4,0.46,0.13,cpu,0
1.0,1.801041,2.351041,0.0,0.0,0.0,11.6887527,1.299326731e-09,C4,0.46,0.13,cpu,0
1.0,1.826041,2.351041,0.0,0.0,0.0,11.68914704,1.189197787e-09,C4,0.46,0.13,cpu,0
1.0,1.851041,2.351041,0.0,0.0,0.0,11.68968512,1.427307201e-09,C4,0.46,0.13,cpu,0
1.0,1.876041,2.351041,0.0,0.0,0.0,11.69035877,1.344056845e-09,C4,0.46,0.13,cpu,0
1.0,1.901041,2.351041,0.0,0.0,0.0,11.69116124,1.151732637e-09,C4,0.46,0.13,cpu,0
1.0,1.926041,2.351041,0.0,0.0,0.0,11.69208707,2.336404047e-09,C4,0.46,0.13,cpu,0
1.0,1.951041,2.351041,0.0,0.0,0.0,11.69313196,1.631914655e-09,C4,0.46,0.13,cpu,0
1.0,1.976041,2.351041,0.0,0.0,0.0,11.69429259,1.349167026e-09,C4,0.46,0.13,cpu,0
1.0,2.001041,2.351041,0.0,0.0,0.0,11.69556652,1.240604818e-09,C4,0.46,0.13,cpu,0
1.0,2.026041,2.351041,0.0,0.0,0.0,11.69695201,1.236466518e-09,C4,0.46,0.13,cpu,0
1.0,2.051041,2.351041,0.0,0.0,0.0,11.6984479,6.275736152e-10,C4,0.46,0.13,cpu,0
1.0,2.076041,2.351041,0.0,0.0,0.0,11.70005345,1.658379675e-09,C4,0.46,0.13,cpu,0
1.0,2.101041,2.351041,0.0,0.0,0.0,11.70176822,7.50090894e-10,C4,0.46,0.13,cpu,0
1.0,2.126041,2.351041,0.0,0.0,0.0,11.70359195,8.937003928e-10,C4,0.46,0.13,cpu,0
1.0,2.151041,2.351041,0.0,0.0,0.0,11.7055244,9.449274921e-10,C4,0.46,0.13,cpu,0
1.0,2.176041,2.351041,0.0,0.0,0.0,11.70756533,5.217333828e-10,C4,0.46,0.13,cpu,0
1.0,2.201041,2.351041,0.0,0.0,0.0,11.7097143,4.184642903e-10,C4,0.46,0.13,cpu,0
1.0,2.226041,2.351041,0.0,0.0,0.0,11.71197067,1.059881799e-09,C4,0.46,0.13,cpu,0
1.0,2.251041,2.351041,0.0,0.0,0.0,11.71433348,6.768898352e-10,C4,0.46,0.13,cpu,0
1.0,2.276041,2.351041,0.0,0.0,0.0,11.7168014,4.862868121e-10,C4,0.46,0.13,cpu,0
1.0,2.301041,2.351041,0.0,0.0,0.0,11.71937267,8.01288452e-10,C4,0.46,0.13,cpu,0
1.0,2.326041,2.351041,0.0,0.0,0.0,11.72204507,7.521844409e-10,C4,0.46,0.13,cpu,0
1.0,2.351041,2.351041,0.0,0.0,0.0,11.7248159,5.254529765e-10,C4,0.46,0.13,cpu,0
1.0,2.451041,2.351041,0.0,0.0,0.0,11.73681097,7.231610167e-10,C4,0.46,0.13,cpu,0
1.0,2.551041,2.351041,0.0,0.0,0.0,11.75002977,7.060397755e-10,C4,0.46,0.13,cpu,0
1.0,2.651041,2.351041,0.0,0.0,0.0,11.76406771,1.545935859e-09,C4,0.46,0.13,cpu,0
1.0,1.451041,2.451041,0.0,0.0,0.0,11.70488936,1.126101698e-09,C4,0.46,0.13,cpu,0
1.0,1.551041,2.451041,0.0,0.0,0.0,11.69588095,1.170118271e-09,C4,0.46,0.13,cpu,0
1.0,1.651041,2.451041,0.0,0.0,0.0,11.69248444,1.077637038e-09,C4,0.46,0.13,cpu,0
1.0,1.751041,2.451041,0.0,0.0,0.0,11.69300392,1.074558087e-09,C4,0.46,0.13,cpu,0
1.0,1.851041,2.451041,0.0,0.0,0.0,11.6962115,1.246199214e-09,C4,0.46,0.13,cpu,0
1.0,1.951041,2.451041,0.0,0.0,0.0,11.70135747,7.714735857e-10,C4,0.46,0.13,cpu,0
1.0,2.051041,2.451041,0.0,0.0,0.0,11.70807613,6.038959812e-10,C4,0.46,0.13,cpu,0
1.0,2.151041,2.451041,0.0,0.0,0.0,11.71624494,6.132233643e-10,C4,0.46,0.13,cpu,0
1.0,2.251041,2.451041,0.0,0.0,0.0,11.72583889,4.690611461e-10,C4,0.46,0.13,cpu,0
1.0,2.351041,2.451041,0.0,0.0,0.0,11.73681097,4.881534923e-10,C4,0.46,0.13,cpu,0
1.0,2.451041,2.451041,0.0,0.0,0.0,11.7490155,3.907668995e-10,C4,0.46,0.13,cpu,0
1.0,2.551041,2.451041,0.0,0.0,0.0,11.76217847,6.731237565e-10,C4,0.46,0.13,cpu,0
1.0,2.651041,2.451041,0.0,0.0,0.0,11.77591176,7.083687768e-10,C4,0.46,0.13,cpu,0
1.0,1.451041,2.551041,0.0,0.0,0.0,11.70758832,1.281913228e-09,C4,0.46,0.13,cpu,0
1.0,1.551041,2.551041,0.0,0.0,0.0,11.70047337,6.969734066e-10,C4,0.46,0.13,cpu,0
1.0,1.651041,2.551041,0.0,0.0,0.0,11.69893189,4.779898429e-10,C4,0.46,0.13,cpu,0
1.0,1.751041,2.551041,0.0,0.0,0.0,11.70117335,7.382231726e-10,C4,0.46,0.13,cpu,0
1.0,1.851041,2.551041,0.0,0.0,0.0,11.70589565,1.42326413e-09,C4,0.46,0.13,cpu,0
1.0,1.951041,2.551041,0.0,0.0,0.0,11.71229994,5.815139813e-10,C4,0.46,0.13,cpu,0
1.0,2.051041,2.551041,0.0,0.0,0.0,11.71999674,1.128889192e-09,C4,0.46,0.13,cpu,0
1.0,2.151041,2.551041,0.0,0.0,0.0,11.72886145,4.563316907e-10,C4,0.46,0.13,cpu,0
1.0,2.251041,2.551041,0.0,0.0,0.0,11.73888176,4.281875806e-10,C4,0.46,0.13,cpu,0
1.0,2.351041,2.551041,0.0,0.0,0.0,11.75002977,4.848050945e-10,C4,0.46,0.13,cpu,0
1.0,2.451041,2.551041,0.0,0.0,0.0,11.76217847,5.032248825e-10,C4,0.46,0.13,cpu,0
1.0,2.551041,2.551041,0.0,0.0,0.0,11.77506887,5.113707918e-10,C4,0.46,0.13,cpu,0
1.0,2.651041,2.551041,0.0,0.0,0.0,11.78832528,6.643004281e-10,C4,0.46,0.13,cpu,0
1.0,1.451041,2.651041,0.0,0.0,0.0,11.71463971,7.887457816e-10,C4,0.46,0.13,cpu,0
1.0,1.551041,2.651041,0.0,0.0,0.0,11.70905065,1.789641529e-09,C4,0.46,0.13,cpu,0
1.0,1.651041,2.651041,0.0,0.0,0.0,11.70895777,9.725855719e-10,C4,0.46,0.13,cpu,0
1.0,1.751041,2.651041,0.0,0.0,0.0,11.71248919,1.338394285e-09,C4,0.46,0.13,cpu,0
1.0,1.851041,2.651041,0.0,0.0,0.0,11.71828342,1.01050585e-09,C4,0.46,0.13,cpu,0
1.0,1.951041,2.651041,0.0,0.0,0.0,11.72550794,5.895489498e-10,C4,0.46,0.13,cpu,0
1.0,2.051041,2.651041,0.0,0.0,0.0,11.73376432,5.145071284e-10,C4,0.46,0.13,cpu,0
1.0,2.151041,2.651041,0.0,0.0,0.0,11.74293869,4.007323287e-10,C4,0.46,0.13,cpu,0
1.0,2.251041,2.651041,0.0,0.0,0.0,11.75304094,4.826779962e-10,C4,0.46,0.13,cpu,0
1.0,2.351041,2.651041,0.0,0.0,0.0,11.76406771,4.383873823e-10,C4,0.46,0.13,cpu,0
1.0,2.451041,2.651041,0.0,0.0,0.0,11.77591176,7.716398901e-10,C4,0.46,0.13,cpu,0
1.0,2.551041,2.651041,0.0,0.0,0.0,11.78832528,7.110992563e-10,C4,0.46,0.13,cpu,0
1.0,2.651041,2.651041,0.0,0.0,0.0,11.80093526,3.339186722e-10,C4,0.46,0.13,cpu,0
